,user_name,user_location,user_description,user_created,user_followers,user_friends,user_favourites,user_verified,date,text,source,is_retweet
0,haha001,,,2018-03-01 05:31:11+00:00,78,600,587,False,2022-12-01 07:35:03+00:00,"rust：Using Rust at a startup: A cautionary tale
$ADA $NEAR #bitcoin                #blockchain $btc $eth #btc   #DeFi $BNB $AVAX #NFT #bsc #code     #Metaverse #GameFi #Web3 #go #xrp

https://t.co/eAhl8df10Y",Twitter Web App,False
1,BURNER ACC,,"This news may be legit. 
Made by Marcus Martin",2021-02-12 03:27:41+00:00,17,0,0,False,2022-12-01 07:35:03+00:00,SURPRISE! Score Bitcoin on SNAPCHAT ADVERTISEMENTS!? INSTANTLY!,"Cheap Bots, Done Quick!",False
2,Akun Baru || Freetag 24/7 🎄$TTC,"Jawa Timur, Indonesia","Bismillahirrahmanirrahim @bigwinsaiki
@CITRAMAULIDIYAA , @citraglorya and  @missufeei and @pcy_wins being suspended",2022-07-31 05:03:12+00:00,79,4276,3202,False,2022-12-01 07:35:02+00:00,"RT @NuBraveIN: $150 in 24 Hours ⏰️

🌟 $50 

- RT &amp; Follow 
@CryptoCoinCoach
@Kepple_io

💫 $70  

- RT + Like + Comment Their  5 Last Tweets…",Twitter for Android,False
3,BIGWINTODAY,ngaglik,"twitter ke baned njir
#TechTrees $TTC dont rerol my account suspend  @Sigommm88
I changed my cellphone, if the proof is a bit different, please understand🥰",2022-06-20 08:05:36+00:00,70,4175,12928,False,2022-12-01 07:35:02+00:00,$QLC BIG NEWS COMING #BITCOIN     today will pump more than $DEGO ! BUY IT! $SNM,Twitter for Android,False
4,Abdul Jalil,,,2022-11-29 13:45:56+00:00,1,36,0,False,2022-12-01 07:35:02+00:00,"RT @valeriehub_: Which of these will happen first?

#Bitcoin to $50,000
#Ethereum to $3,000
#BNB to $600
#SOL to $100
#MATIC to $2
#KASTA t…",Twitter for Android,False
5,Cryptos Alerting,,I'm alerting you of any relevant info about cryptos,2021-11-26 23:57:13+00:00,3290,0,0,False,2022-12-01 07:35:01+00:00,"[ $BTC ] Bitcoin  
Bear Market Length Has Now Matched Previous Cycles, Is Trend Reversal Imminent?
 https://t.co/ZigmMQ03tS",AlertingCryptos,False
6,Harro's Empires,,Welcome to Harro's Empires,2021-09-03 01:14:20+00:00,23,7,0,False,2022-12-01 07:35:01+00:00,Bitcoin is posted about on social media every 3 seconds. #Bitcoin https://t.co/29mOTtOaU5,Canva,False
7,kayinnn,,allah humma solli ala sayyidina muhammad,2021-09-20 08:26:01+00:00,838,4985,11914,False,2022-12-01 07:35:01+00:00,"RT @BanniBruno: $75 | 24 Hours 🐰

- RT &amp; Follow 
@CryptoCoinCoach

 + 
@Kepple_io

____________________________
(BE ACTIVE ON PROFILE)
Twee…",Twitter for Android,False
8,JENNIFER GREEN ⚡⚡,United States,"Stock market PRO, financial advisor Amcor company and also a stock Broker at Amcor company.
#crypto #investors... 
Email: Jenniferposcable@gmail.com",2022-04-01 20:32:05+00:00,163,79,4602,False,2022-12-01 07:35:00+00:00,"Start earning millions of USD from bitcoin Mining into your wallet today!!  Bitcoin prices gets better everyday , Rush to my DM to get investment plans .  Follow me @Jennifer_Green6 for more information  #BITCOIN    #GERESP #Qatar2022    #ESPGER #cryptocurrency https://t.co/pQ7XPHNhee",Twitter for Android,False
9,daff,"Wangiwangi, Indonesia",,2021-11-10 05:07:56+00:00,83,3653,9943,False,2022-12-01 07:34:58+00:00,$QLC BIG NEWS COMING #BITCOIN       today will pump more than $DEGO ! BUY IT! $SNM,Twitter for Android,False
10,orriginal.crypto,Planet Earth,"Fascinated by Crypto & Stock Chart Patterns
I Post charts from early European time
Never Give advice, Jus my opinion
LINUX and the very  Foundations of it",2019-02-20 08:20:35+00:00,91,128,3077,False,2022-12-01 07:34:58+00:00,"RT @binance: Reminder - wallet maintenance for the #Bitcoin network has begun. 
 
Please note that all deposits and withdrawals on the #BTC…",Twitter Web App,False
11,𝒌𝒆𝒊,acc info,hunter acc ☻︎,2022-03-05 06:16:27+00:00,241,3316,3169,False,2022-12-01 07:34:58+00:00,"RT @NuBraveIN: $150 in 24 Hours ⏰️

🌟 $50 

- RT &amp; Follow 
@CryptoCoinCoach
@Kepple_io

💫 $70  

- RT + Like + Comment Their  5 Last Tweets…",Twitter for Android,False
12,Khan of the pitbulltoken,,,2016-06-28 21:00:28+00:00,465,1088,27871,False,2022-12-01 07:34:57+00:00,"@HotcoinGlobal Buy #pitbultoken and wait , time will give you the answer #HODL #PitbullCrew #pitbullarmy #PIT #pitbultoken #BSCGems #BTC #BNB #Bitcoin",Twitter for Android,False
13,Maxezom,,"thwarted sadness
disguis the pain
#gak pernah install tiktok dimarahin ayank ,,,,,eh  keluarga maksudnya",2022-03-05 12:14:35+00:00,121,4819,8692,False,2022-12-01 07:34:56+00:00,"RT @MrJenus: $150 ~ 24 Hours 🐒

✅RT &amp; Follow @CryptoCoinCoach
 + 
@Kepple_io

____________________________
(BE ACTIVE ON PROFILE)
Tweet: $Q…",Twitter for Android,False
14,Bitcoin Bull⚡,,#bitcoin #btc,2020-09-25 08:11:02+00:00,1863,75,27408,False,2022-12-01 07:34:56+00:00,I can't find a room for Christmas and you telling me people don't have money to spend and we are in recession?,Twitter for Android,False
15,armin,,game,2020-08-26 16:59:35+00:00,378,1612,77097,False,2022-12-01 07:34:55+00:00,RT @bilelbiloute: The past teaches us the future rewards us. #Fantom #FVM $FTM #DEFI #Bitcoin 💎🔒 https://t.co/X1VCbZUKOc,Twitter for Android,False
16,Annayra 🎄$TTC⚡,Indonesia,"TG name/usn; Annayra_tg/ DC; Myarana_Win7#4024/ 1st acc @jaemtycityx suspended/ 2-3 acc @0xJINGGA & @f0reverLuck13st deactivate please don't reroll me, thankyou",2021-10-29 01:39:57+00:00,302,2857,13714,False,2022-12-01 07:34:55+00:00,"RT @jihanicorn: $150 | 2.250.000 IDR • 24 Hours 💜

- RT &amp; Follow @CryptoCoinCoach + @Kepple_io

____________________________
(BE ACTIVE ON…",Twitter for Android,False
17,Pena Constance,,#TRX #RACA,2022-03-01 08:36:11+00:00,10,142,168,False,2022-12-01 07:34:54+00:00,"RT @MartiniGuyYT: Thankyou for entering my 440,000 follower giveaway

Announcing 10 x $100 #Bitcoin giveaway winners TODAY!

GOOD LUCK 🤞",Twitter Web App,False
18,lf ga moots | unli free tag!,,- turn off my rts,2021-11-16 16:58:37+00:00,50,374,617,False,2022-12-01 07:34:54+00:00,"RT @jihanicorn: $150 | 2.250.000 IDR • 24 Hours 💜

- RT &amp; Follow @CryptoCoinCoach + @Kepple_io

____________________________
(BE ACTIVE ON…",Twitter for Android,False
19,MaryMV | EarlyMinter,,Moderator in one of the fastest growing crypto communities 💚 Working on changing the way we perceive news @Earlyminter 💚https://t.co/1vCYSiQzdz 💚,2022-08-19 06:31:21+00:00,276,163,1737,False,2022-12-01 07:34:54+00:00,"RT @binance: Reminder - wallet maintenance for the #Bitcoin network has begun. 
 
Please note that all deposits and withdrawals on the #BTC…",Twitter for iPhone,False
20,Crypto news,,This is a platform for cryptocurrency news,2022-09-29 15:23:51+00:00,59,56,67,False,2022-12-01 07:34:52+00:00,"RT @BTCTN: Authorities in #Manitoba halt new #crypto mining projects, citing expected increase in #electricity demand. https://t.co/kIwZmv3…",Twitter for Android,False
21,Bitcoin Price Ticker,,Tweets the current price of #bitcoin every 5 minutes,2022-10-20 07:10:38+00:00,55,7,9,False,2022-12-01 07:34:52+00:00,"1₿ = $17170.01 1.70%📈

Details:
Change: 📈286.49$
24H Low = $16756.04🔻
24H High = $17249.92💹

#bitcoin #btc",BitcoinLivePriceTicker,False
22,esher,,,2022-07-04 01:24:29+00:00,175,3089,4133,False,2022-12-01 07:34:52+00:00,"RT @NuBraveIN: $150 in 24 Hours ⏰️

🌟 $50 

- RT &amp; Follow 
@CryptoCoinCoach
@Kepple_io

💫 $70  

- RT + Like + Comment Their  5 Last Tweets…",Twitter for Android,False
23,⛩過去を吹っ切ろう⛩,,,2018-12-28 22:16:43+00:00,182,362,2685,False,2022-12-01 07:34:51+00:00,"This zesty faucet from @_bitcoiner is making me tweet this to claim my free Lightning sats. ⚡

@boltcoiner unlock me 3782e2c1-e704-494b-b856-5bf6b4e24644

#Bitcoin #BTC #LN #LightningNetwork #boltcoiner
https://t.co/Mh5V5BhrY4",Twitter Web App,False
24,Khan of the pitbulltoken,,,2016-06-28 21:00:28+00:00,465,1088,27871,False,2022-12-01 07:34:50+00:00,@HotcoinGlobal By the way I am bullish on #pitbultoken #HODL #pitbultoken #PIT #pitbullarmy #PitbullCrew #BSCGems #BNB #BTC #Bitcoin,Twitter for Android,False
25,BigwinMaster 🎄$TTC,"Dhaka, Bangladesh","#LEOSARMY $ELON
@JenusHQ #MAYVARMY

#LuxyLaunch #bull_bnb",2021-10-21 06:06:11+00:00,96,1623,10367,False,2022-12-01 07:34:50+00:00,"#QLC will pump more then $DEGO, good news are coming #Bitcoin    #OAX",Twitter for Android,False
26,BIGWINTODAY,ngaglik,"twitter ke baned njir
#TechTrees $TTC dont rerol my account suspend  @Sigommm88
I changed my cellphone, if the proof is a bit different, please understand🥰",2022-06-20 08:05:36+00:00,70,4175,12928,False,2022-12-01 07:34:49+00:00,"RT @BanniBruno: $75 | 24 Hours 🐰

- RT &amp; Follow 
@CryptoCoinCoach

 + 
@Kepple_io

____________________________
(BE ACTIVE ON PROFILE)
Twee…",Twitter for Android,False
27,VAMSI PADIMI,,"CRYPTO
ETH &
DOT",2021-06-26 12:12:21+00:00,193,765,5575,False,2022-12-01 07:34:48+00:00,RT @saylor: @ecb #Bitcoin is driving the digital transformation of money and banking. It is already an order of magnitude more efficient th…,Twitter for Android,False
28,Akun Baru || Freetag 24/7 🎄$TTC,"Jawa Timur, Indonesia","Bismillahirrahmanirrahim @bigwinsaiki
@CITRAMAULIDIYAA , @citraglorya and  @missufeei and @pcy_wins being suspended",2022-07-31 05:03:12+00:00,79,4276,3202,False,2022-12-01 07:34:48+00:00,$QLC BIG NEWS COMING #BITCOIN     today will pump more than $DEGO ! BUY IT! $SNM,Twitter for Android,False
29,LuckyMenk 🐈🦄🍒🍪🎄$TTC,world of cat indonesia,owner #quotessukasuka dgn job desk Hunter giveaway (free tag),2011-08-15 16:38:02+00:00,197,3843,6971,False,2022-12-01 07:34:47+00:00,"RT @BanniBruno: $75 | 24 Hours 🐰

- RT &amp; Follow 
@CryptoCoinCoach

 + 
@Kepple_io

____________________________
(BE ACTIVE ON PROFILE)
Twee…",Twitter for Android,False
30,sooya ; fb,Bigwinhen,former acc @jichuwins,2022-06-16 01:47:01+00:00,49,334,98,False,2022-12-01 07:34:47+00:00,"RT @NuBraveIN: $150 in 24 Hours ⏰️

🌟 $50 

- RT &amp; Follow 
@CryptoCoinCoach
@Kepple_io

💫 $70  

- RT + Like + Comment Their  5 Last Tweets…",Twitter for Android,False
31,Donna marcolini,"Coalville, England, Newyork",UFC VP Athlete Health Performance “Good judgement and decisions come with experience. But experience comes with bad judgement and decisions. #AmericanBritian,2011-07-10 23:25:17+00:00,899,14,44940,False,2022-12-01 07:34:47+00:00,"RT @Jerry_Magulre: If you can assemble a table from IKEA, you can self-custody #Bitcoin .

If you can secure your child’s birth certificate…",Twitter for Android,False
32,Sidney Walton,New York,"let's goo  @astersnft 19, Web3, Biomed student 🧪",2022-10-10 13:33:58+00:00,11,26,15,False,2022-12-01 07:34:46+00:00,"1️⃣ #Bitcoin live: 17106.0688$ - Change: %0.24 🟢 

1️⃣ #Ethereum live: 1282.7516$ - Change: %-0.70 🔴 

Bonus as much as your investment (Coinbase) https://t.co/IDiOgbHCEM 🟢
    
🕑 10:34

#btc #eth #coin #crypto #Etherium
id: 37f62a8b38",Twitter Web App,False
33,"CryptoTe𝕊ter(💙,🧡)",,"Blockend & Full Stack Developer, Smart Contracts Developer, NFTs, DeFi, Hobby YouTuber",2019-04-26 14:17:37+00:00,189,594,2125,False,2022-12-01 07:34:45+00:00,"RT @GRDecter: The “Bank of Bitcoin” is in trouble and could drag down the entire system.

Here’s why the market is worried about Silvergate…",Twitter Web App,False
34,Mah,,I'm Phenomenal,2022-07-07 11:10:35+00:00,16,43,352,False,2022-12-01 07:34:45+00:00,"@ChauncySmartt plz any amount could help me a lot chauncy! 🙏🏽
here is my bitcoin 👇🏽
33msxwyaPKwpNTf13yXCBaE1iAuWjs9Qgr",Twitter for Android,False
35,🚀Average Joe Crypto🚀,,"🚀 #AJCTOKEN #AJC #AJCARMY 
https://t.co/CbsToeKtrT 
💥 
https://t.co/PTG15JHxbJ
💥
https://t.co/bIlCrR1loo
💥
I DONT GIVE FINANCIAL ADVICE🤷‍♂️",2021-05-17 20:49:44+00:00,417,421,3796,False,2022-12-01 07:34:44+00:00,"we chillin #crypto #live #Bitcoin #SBF_FTX 

https://t.co/hb5H9Q2EUX",Twitter Web App,False
36,사치^^🌟🍀+ㅅ-)🗡 🎄$TTC,,🌿thankful😊grateful❤blessed😇introvert🖤🌈..Life is better with Hope and Happiness..☀ 🌻💜✧♡Keep doing what you love♡✧💜🌻,2020-06-16 16:02:29+00:00,305,814,55427,False,2022-12-01 07:34:44+00:00,$QLC BIG NEWS COMING #BITCOIN    today will pump more than $DEGO ! BUY IT! $SNM,Twitter for Android,False
37,Novermberwins🍀,,"My account @moneyrainfalls got suspended please don't reroll me e
😭",2022-10-21 02:21:37+00:00,48,2687,9901,False,2022-12-01 07:34:44+00:00,"RT @HeiraCrypto: $150 ~ Ends in 24 hrs.

🔶 RT &amp; Follow 
@CryptoCoinCoach
 + 
@Kepple_io

____________________________
(BE ACTIVE ON PROFILE…",Twitter for Android,False
38,0xmanifesto2k $TTC,,"dreaming... of a better life. OWWPRETT thats me.
prettiface on TeleG; owwprett#3137 on discord.

// btc minimalist. dont tag me in alts.",2022-06-14 05:45:42+00:00,91,2142,5406,False,2022-12-01 07:34:44+00:00,$QLC BIG NEWS COMING #BITCOIN  today will pump more than $DEGO ! BUY IT! $SNM,Twitter Web App,False
39,Khan of the pitbulltoken,,,2016-06-28 21:00:28+00:00,465,1088,27871,False,2022-12-01 07:34:44+00:00,@HotcoinGlobal #pitbultoken best  gem go to the moon 🚀 #Buy #pitbultoken #PIT #PitbullCrew #pitbullarmy #BNB #BTC #Bitcoin,Twitter for Android,False
40,Nadine,,#CryptoPres ¯\_(ツ)_/¯   #CRO #BTC #BNB #BLEX #Bitlevex #BRGArmy #XCURArmy,2021-12-13 06:12:24+00:00,205,2047,2213,False,2022-12-01 07:34:43+00:00,"RT @StakeBread: $1,000 #giveaway to celebrate the launch of @StakeBread - 4 winners of $250.00 each! 🍞

To enter, simply retweet this tweet…",Twitter for Android,False
41,Md Arbaz,,,2020-08-23 06:23:24+00:00,14,29,4,False,2022-12-01 07:34:43+00:00,"RT @SatoshiNkmt: Retweet + Add a LN invoice of 6,000 sats, free sats for everyone to spread the truth.

#Bitcoin is the only truly decentra…",Twitter for iPhone,False
42,lilith,,19 going on 20,2021-07-03 17:38:42+00:00,15,382,19144,False,2022-12-01 07:34:42+00:00,RT @MNateShyamalan: i laugh as elon musk beams a meme directly to my frontal cortex via NeuraLink.™ omg epic win. i blink twice to NeuraLik…,Twitter for Android,False
43,👏Kissan KK👏,,"May be Crypto Lover. I want to explore Crypto World, want to know about Web3, Blockchain, Metaverse.",2022-05-06 11:29:14+00:00,82,1882,6366,False,2022-12-01 07:34:42+00:00,"RT @BrokexFi: #Airdrop 🎁
NFT Airdrop ✨
🔹 25 winners

To participate: 
 🔸Follow us
 🔸RT + Like this tweet

🟣 Drop your Polygon wallet addres…",Twitter Web App,False
44,BUKAR ISA FEROBE,Nigeria,,2022-02-11 18:24:07+00:00,84,389,37,False,2022-12-01 07:34:41+00:00,"RT @Core_satoshi: MainNet is now closer than you could ever imagine, Coreans.
Keep Mining!!
Never get distracted!!
Never stop Mining!!

Jus…",Twitter for Android,False
45,Donna marcolini,"Coalville, England, Newyork",UFC VP Athlete Health Performance “Good judgement and decisions come with experience. But experience comes with bad judgement and decisions. #AmericanBritian,2011-07-10 23:25:17+00:00,899,14,44940,False,2022-12-01 07:34:41+00:00,RT @Jerry_Magulre: Do yourself a BIG favor and accumulate at least 1 full #Bitcoin  🚀,Twitter for Android,False
46,Ilana Medi,,"°iF You Want To Really Find True Happiness, You Must Have inner Peace Everyday Of Your Life, Not Just on Sunday..",2021-12-18 08:49:46+00:00,66,2198,4220,False,2022-12-01 07:34:40+00:00,"RT @jihanicorn: $150 | 2.250.000 IDR • 24 Hours 💜

- RT &amp; Follow @CryptoCoinCoach + @Kepple_io

____________________________
(BE ACTIVE ON…",Twitter for Android,False
47,Horoshi⚡,,#Bitcoin #LightningNetwork⚡,2018-03-18 13:02:25+00:00,127,273,5112,False,2022-12-01 07:34:40+00:00,"I am claiming my free Lightning sats from @_bitcoiner's zesty faucet! ⚡

@boltcoiner unlock me 2f39bbef-6c13-4523-9da3-fa7208a315ab

#Bitcoin #BTC #LN #LightningNetwork #boltcoiner
https://t.co/g59WBoDulf",Twitter for Android,False
48,MissBilly,Bedfordview,Her tiny little hands 🥰,2022-05-28 10:15:13+00:00,72,2813,837,False,2022-12-01 07:34:40+00:00,"RT @Beast_Cryptox: 💰$150 || 24 Hours 
➡️ RT + Follow 
@CryptoCoinCoach
@Kepple_io

__________________

• Be active on profile 
• #QLC will…",Twitter for Android,False
49,Akahkuh Eugene kang 🍪🍪🍪🇨🇲🇨🇲🇨🇲,"Nord-Ouest, Cameroon","keep pressing on. things can only get better.
Agricultural entrepreneur.
#EverlastingFarms",2019-11-30 08:51:20+00:00,115,4698,3709,False,2022-12-01 07:34:40+00:00,"RT @G_R_James: I will giveaway $1,000 #Bitcoin  to 10 people when I hit 50K followers on twitter. To make sure you ar in Just retweet and b…",Twitter for Android,False
50,@badbreedart.btc,"London, England","#NFT• POPart • FINEartist •Inspired by #Crypto in 2021• Developing the next iconic Avatar’s of the #Metaverse, Respectfully‼️ #NFTcommunity #Web3 #Blockchain 🫡",2021-08-15 21:12:24+00:00,356,144,5470,False,2022-12-01 07:34:39+00:00,"GM #NFT and the #web3 community 🫡

#DapperLion #art #creative #STX #NFTCommunity #Decentralization #crypto #Metaverse #DeFi #web3 #PlayToEarn #blockchaintechnology #blockchain #digitalfashion #SOL #ETH #matic #bitcoin",Twitter for iPhone,False
51,Donna marcolini,"Coalville, England, Newyork",UFC VP Athlete Health Performance “Good judgement and decisions come with experience. But experience comes with bad judgement and decisions. #AmericanBritian,2011-07-10 23:25:17+00:00,899,14,44940,False,2022-12-01 07:34:39+00:00,RT @Jerry_Magulre: #BITCOIN  WEEKLY BULLISH DIVERGENCE CONFIRMED! 🔥👇 https://t.co/PLKdhaGNol,Twitter for Android,False
52,vava the explorer 🎄$TTC,be grateful,"🐋 Hi this is vava, nice to meet you guys! freetag for my moots 💙",2017-10-21 15:33:16+00:00,575,3930,16003,False,2022-12-01 07:34:39+00:00,$QLC BIG NEWS COMING #BITCOIN today will pump more than $DEGO ! BUY IT! $SNM,Twitter for Android,False
53,BigwinMaster 🎄$TTC,"Dhaka, Bangladesh","#LEOSARMY $ELON
@JenusHQ #MAYVARMY

#LuxyLaunch #bull_bnb",2021-10-21 06:06:11+00:00,96,1623,10367,False,2022-12-01 07:34:39+00:00,"RT @Beast_Cryptox: 💰$150 || 24 Hours 
➡️ RT + Follow 
@CryptoCoinCoach
@Kepple_io

__________________

• Be active on profile 
• #QLC will…",Twitter for Android,False
54,Ethereum Yoda,,"UP or DOWN...
.
.
.
.
Price matters NOT.",2022-07-24 04:50:18+00:00,416,1,0,False,2022-12-01 07:34:38+00:00,"#Ethereum price update: 

#ETH $1286.49 USD
#Bitcoin 0.07493121 #BTC

Follow for recent ETH price updates
#altcoin, #cryptocurrency, #crypto",Twitter Web App,False
55,Khan of the pitbulltoken,,,2016-06-28 21:00:28+00:00,465,1088,27871,False,2022-12-01 07:34:38+00:00,@HotcoinGlobal The biggest opportunity in #Crypto  is #pitbultoken don’t miss #Buy #pitbultoken #pitbullarmy #PitbullCrew #PIT #BSCGems #Bitcoin #BTC #BNB #HODL,Twitter for Android,False
56,TAHA-Earlyminter 🪖,On Earth 🌎,"Never give up, great things take time.",2016-09-18 18:01:21+00:00,641,640,15066,False,2022-12-01 07:34:38+00:00,"RT @binance: Reminder - wallet maintenance for the #Bitcoin network has begun. 
 
Please note that all deposits and withdrawals on the #BTC…",Twitter for Android,False
57,rai conal,usa,Trust in me dies when someone lies.,2021-12-26 08:06:43+00:00,54,251,117,False,2022-12-01 07:34:38+00:00,"RT @MartiniGuyYT: Thankyou for entering my 440,000 follower giveaway

Announcing 10 x $100 #Bitcoin giveaway winners TODAY!

GOOD LUCK 🤞",Twitter Web App,False
58,BitcoinValueBot,,I tweet the Bitcoin price across all forks with updates every hour. 🚀🌖,2017-12-08 17:24:19+00:00,432,13,28,False,2022-12-01 07:34:37+00:00,"Current Bitcoin Price
All Forks = $17,265.54 📈 0.05%
--
$BTC = $17,111.08 📈 0.05%
$BCH = $112.24 📉 -0.09%
$BSV = $42.22 📈 0.25%",Bitcoin Total Value Bot,False
59,WannerTR,,A Wanchain Fan,2022-11-14 06:56:13+00:00,18,102,426,False,2022-12-01 07:34:37+00:00,"RT @amonbuy: The best advice in $WAN : accumulate and HODL 💫💎

Big things are coming 💥

#altcoin #cryptocurrencies #ETH #Bitcoin #NFT #NFTC…",Twitter for iPhone,False
60,LeviCool_MA,,Join @EarlyMinter discord for big binance  crypto boxes and also get early benefits of read to earn token and free nfts,2022-11-22 19:33:21+00:00,230,195,5784,False,2022-12-01 07:34:36+00:00,"RT @binance: Reminder - wallet maintenance for the #Bitcoin network has begun. 
 
Please note that all deposits and withdrawals on the #BTC…",Twitter for Android,False
61,freedom,indonesia  ,she/her,2021-04-05 02:50:28+00:00,303,816,4082,False,2022-12-01 07:34:36+00:00,"RT @jihanicorn: $150 | 2.250.000 IDR • 24 Hours 💜

- RT &amp; Follow @CryptoCoinCoach + @Kepple_io

____________________________
(BE ACTIVE ON…",Twitter for Android,False
62,Harald Schendera,"Kronberg, Deutschland",Owner of Schendera Internet Services. Helping businesses to become successful online.,2012-07-05 08:54:07+00:00,46683,13610,11899,False,2022-12-01 07:34:35+00:00,Manitoba Halts New Crypto Mining Projects Due to Expected High Energy Demand https://t.co/znOu5Yljv4 https://t.co/G6BOCTjiAs,dlvr.it,False
63,November win,"Sragen, Indonesia","pingin bigwin
please follwback
👉akun lama lupa sandi, lupa username jg",2022-11-17 07:43:42+00:00,55,327,181,False,2022-12-01 07:34:35+00:00,"RT @HeiraCrypto: $150 ~ Ends in 24 hrs.

🔶 RT &amp; Follow 
@CryptoCoinCoach
 + 
@Kepple_io

____________________________
(BE ACTIVE ON PROFILE…",Twitter for Android,False
64,Ziopat.eth,World,"Retweets every news on bitcoin and altcoins.
Hodler",2011-02-13 16:11:24+00:00,43191,19998,22053,False,2022-12-01 07:34:34+00:00,"RT @sunnydecree: Just had to pay a 1% penalty for withdrawing MY funds from MY savings account...

Banks are a scam.

Only #Bitcoin is real…",Twitter for Android,False
65,Sourav Susmoy,,Joy Sree Ram,2021-04-14 03:14:22+00:00,35,98,1142,False,2022-12-01 07:34:34+00:00,RT @Whale_Of_City: $loka 2x in 1 day .. but unfortunately you guys are not like and retweet my post  😢.. that's demotivate me a lot .. gooo…,Twitter for Android,False
66,Harald Schendera,"Kronberg, Deutschland",Owner of Schendera Internet Services. Helping businesses to become successful online.,2012-07-05 08:54:07+00:00,46683,13610,11899,False,2022-12-01 07:34:33+00:00,RT @HSchendera: FTX Hacker Transfers $4.1 Million in Bitcoin to OKX https://t.co/cxlTurusd6 https://t.co/iLq1prbJbS,dlvr.it,False
67,0xmanifesto2k $TTC,,"dreaming... of a better life. OWWPRETT thats me.
prettiface on TeleG; owwprett#3137 on discord.

// btc minimalist. dont tag me in alts.",2022-06-14 05:45:42+00:00,91,2142,5406,False,2022-12-01 07:34:32+00:00,"RT @jihanicorn: $150 | 2.250.000 IDR • 24 Hours 💜

- RT &amp; Follow @CryptoCoinCoach + @Kepple_io

____________________________
(BE ACTIVE ON…",Twitter Web App,False
68,Zainab Free Tag 24/7,"Kalimantan Selatan, Indonesia",My account suspend @tiba2bigwin @0x2bigwin.,2022-03-21 11:36:32+00:00,243,2394,2746,False,2022-12-01 07:34:31+00:00,"#QLC will pump more then $DEGO, good news are coming #Bitcoin    #OAX",Twitter for Android,False
69,Derek Harpell,"Ontario, Canada","The only straight I am, is straight up AWESOME!

Lorrie Goldstein called me an idiot!  (and no one cared).",2012-02-18 10:28:54+00:00,295,614,70992,False,2022-12-01 07:34:31+00:00,@WBrettWilson How has your bitcoin as a hedge against inflation gone??,Twitter for Android,False
70,Katya Filipchuk,Belgium,#SOL #NFTS $EGLD,2014-07-21 02:22:24+00:00,24,1031,919,False,2022-12-01 07:34:31+00:00,"RT @BitcoinMagazine: JUST IN - European Central Bank: #Bitcoin was created to overcome the existing financial system.

Yes, your days are n…",Twitter Web App,False
71,Togawinner,"Saratok, Sarawak","crypto trader abal abal .. semoga bisa bigwin $$500 amin
pernah menang 👉
#Sofialegit #foxwinner #cutetesty",2021-10-23 07:01:00+00:00,214,4974,23805,False,2022-12-01 07:34:30+00:00,"RT @BanniBruno: $75 | 24 Hours 🐰

- RT &amp; Follow 
@CryptoCoinCoach

 + 
@Kepple_io

____________________________
(BE ACTIVE ON PROFILE)
Twee…",Twitter for Android,False
72,Wildcat,"Long Beach, CA",#NFT #NFTs #Bitcoin #Metaverse,2022-02-09 11:13:31+00:00,55,13,2965,False,2022-12-01 07:34:30+00:00,"RT @amonbuy: The best advice in $WAN : accumulate and HODL 💫💎

Big things are coming 💥

#altcoin #cryptocurrencies #ETH #Bitcoin #NFT #NFTC…",Twitter for iPhone,False
73,Jahid Howlader 1411233630,,one life ☝️,2022-08-26 19:34:51+00:00,63,3615,2962,False,2022-12-01 07:34:29+00:00,"RT @Beast_Cryptox: 💰$150 || 24 Hours 
➡️ RT + Follow 
@CryptoCoinCoach
@Kepple_io

__________________

• Be active on profile 
• #QLC will…",Twitter for iPhone,False
74,Cara@wh-xiju.com,,CAS 119276-01-6/14680-51-4/71368-80-4/2647-50-9/ 2894-61-3 / 40054-73-7/28981-97-7/40054-69-1/BMK/96-48-0/PMK/2732926-24-6/WhatsApp: +86 13260653921,2022-01-10 06:04:10+00:00,7,38,35,False,2022-12-01 07:34:29+00:00,"CAS 109555-87-5 Powder in stock
Transportation: 7-10 days delivery, 100% customs clearance 
Payment Methods ：TT, Bitcoin, USDT，Alibaba,XMR,Etc
contact me for the lowest price
Whatsapp/Tel/skype: +86 132 6065 3921
Wickr Me: kindlen
Email :Cara@wh-xiju.com https://t.co/vnHb1hPBO1",Twitter for iPhone,False
75,WEALTH 🫶💡🔌,"Minnesota, USA","#Bitcoin Buy, sell, swap, hold & trade 8 years stock and option trader, co_founder of @stockmarketlab @ashrafcapital - building @tradezella 2021 @AskBlockchain",2019-11-22 12:02:31+00:00,62,57,734,False,2022-12-01 07:34:28+00:00,"wearing my Gown has been rudely Confisticated by a certain iPhone user et roommate.

I will get an iPhone 100 pro max and put my frenemies to shame. 

🎓",Twitter for iPhone,False
76,Emilia Jackson,Space,"#Bitcoin is the light at the end of the tunnel. #Bitcoin maximalist, trader and long term holder, preaching about its adoption.",2013-07-31 22:55:14+00:00,5984,2885,2879,False,2022-12-01 07:34:28+00:00,There is no future without #Bitcoin. It’s the future,Twitter for iPhone,False
77,🇦🇷 Messi ™,Indonesia,"Hidup ini tentang kebaikan,jika anda baik untuk orang lain,kebaikan anda urusan langsung tuhan #Dc : Riegoerizalde#8225 #Tg : Riego #TheDoctorIsLegit",2022-02-12 16:21:30+00:00,3181,4974,12241,False,2022-12-01 07:34:28+00:00,"#QLC will pump more then $DEGO, good news are coming #Bitcoin          #OAX",Twitter for Android,False
78,Soniya Khanam,Bangladesh,Airdrop & Most Biggest BTCs mining worker.,2022-03-31 04:52:48+00:00,44,749,761,False,2022-12-01 07:34:27+00:00,"@AirdropStario I really appreciate your project. I wish you success in future plans. Thank you very much for this opportunity given to us.

@Knayem121
@Arafatdhk7
@ThankLong2
@Mina_Hyorii
@ritama02 

#cryptocurrency #Airdrop #BSC #Bitcoin #USDT #XMetaversePro #XMETA #Airdropstario",Twitter Web App,False
79,gilatapisopan,,🔥🚀💰💵 2022 Insya Allah lebih wangi _,2021-06-18 04:22:11+00:00,77,4162,8803,False,2022-12-01 07:34:27+00:00,"RT @MrJenus: $150 ~ 24 Hours 🐒

✅RT &amp; Follow @CryptoCoinCoach
 + 
@Kepple_io

____________________________
(BE ACTIVE ON PROFILE)
Tweet: $Q…",Twitter for Android,False
80,Yowassup,,✨Kpop things || GA Hunter || BIGWIN ASAP ||,2021-01-08 04:44:23+00:00,65,3626,28225,False,2022-12-01 07:34:27+00:00,"RT @BanniBruno: $75 | 24 Hours 🐰

- RT &amp; Follow 
@CryptoCoinCoach

 + 
@Kepple_io

____________________________
(BE ACTIVE ON PROFILE)
Twee…",Twitter for Android,False
81,BigwinMaster 🎄$TTC,"Dhaka, Bangladesh","#LEOSARMY $ELON
@JenusHQ #MAYVARMY

#LuxyLaunch #bull_bnb",2021-10-21 06:06:11+00:00,96,1623,10367,False,2022-12-01 07:34:26+00:00,"RT @jihanicorn: $150 | 2.250.000 IDR • 24 Hours 💜

- RT &amp; Follow @CryptoCoinCoach + @Kepple_io

____________________________
(BE ACTIVE ON…",Twitter for Android,False
82,Jermaine Blake,Philadelphia,Be Bullish.,2022-10-10 23:53:37+00:00,8,27,15,False,2022-12-01 07:34:25+00:00,"1️⃣ #Bitcoin live: 17106.0688$ - Change: %0.24 🟢 

1️⃣ #Ethereum live: 1282.7516$ - Change: %-0.70 🔴 

Bonus as much as your investment (Coinbase) https://t.co/QeXrjtqALY 🟢
    
🕑 10:34

#btc #eth #coin #crypto #Etherium
id: 37f62a8b38",Twitter Web App,False
83,babbitt,,,2022-11-26 06:22:10+00:00,0,5,6,False,2022-12-01 07:34:25+00:00,"The U.S. Securities and Exchange Commission (#SEC) said it has authorized #ETFs based on bitcoin futures to be listed on trading platforms, with more applications likely in the future.😲😲 https://t.co/hzF8SDIoV1",Twitter Web App,False
84,Paola. ¯\_(ツ)_/¯,"Barcelona, España",,2010-08-15 09:40:55+00:00,433,512,67686,False,2022-12-01 07:34:24+00:00,RT @MNateShyamalan: i laugh as elon musk beams a meme directly to my frontal cortex via NeuraLink.™ omg epic win. i blink twice to NeuraLik…,Twitter for iPhone,False
85,George Theocharis,"Nikaia, Greece","🇬🇷
#singlefather
#BTC $QNT lover.
2009 OG miner, 'lost' the wallet and restarted.
Now day trading my way out of poverty.Twitter is my personal notebook, NFA.",2013-08-07 14:56:59+00:00,114,515,2620,False,2022-12-01 07:34:23+00:00,"RT @ICODrops: Crypto Market Daily Review.

- The market is growing today. Market cap is $888B, Bitcoin is trading at $17.1K.

https://t.co/…",Twitter Web App,False
86,LYN 🙏☝️,,my account @messyliewin got susp****** please dont reroll me.,2022-08-02 00:22:18+00:00,353,1121,1986,False,2022-12-01 07:34:21+00:00,"RT @MrJenus: $150 ~ 24 Hours 🐒

✅RT &amp; Follow @CryptoCoinCoach
 + 
@Kepple_io

____________________________
(BE ACTIVE ON PROFILE)
Tweet: $Q…",Twitter Web App,False
87,Zainab Free Tag 24/7,"Kalimantan Selatan, Indonesia",My account suspend @tiba2bigwin @0x2bigwin.,2022-03-21 11:36:32+00:00,243,2394,2746,False,2022-12-01 07:34:18+00:00,"RT @Beast_Cryptox: 💰$150 || 24 Hours 
➡️ RT + Follow 
@CryptoCoinCoach
@Kepple_io

__________________

• Be active on profile 
• #QLC will…",Twitter for Android,False
88,an✨freetag,,Pecinta🐰🐥🐻🦊🐶 | Hunter | Bigwin☘️☘️☘️☘️ my account @luckyypearl got suspended 🍣 don’t reroll 🙏,2022-08-14 07:04:29+00:00,197,2482,1484,False,2022-12-01 07:34:17+00:00,"RT @jihanicorn: $150 | 2.250.000 IDR • 24 Hours 💜

- RT &amp; Follow @CryptoCoinCoach + @Kepple_io

____________________________
(BE ACTIVE ON…",Twitter for iPhone,False
89,waarkoopikmijncrypto.nl,Nederland,"https://t.co/WrCaCkRuBA de site die informeert over Crypto. 
We also own: https://t.co/p8kSeHj3xO and https://t.co/xwPO1QVJo0",2010-12-24 12:03:38+00:00,1109,1385,596,False,2022-12-01 07:34:17+00:00,Breaking news:  https://t.co/uCkWVWpXmJ #BTC #Crypto #Binance #Altcoins #ADA #Sand #Doge #Luna #Coinbase #dogecoin #FTM #Cardano #PlanB #Uniswap #Sushiswap #XRP #NFT #Solana #SOL #Shiba #Ethereum #Cryptocurrency #Ether #Etherium #Bitcoin #Bullrun  #cryptonews  #ALGO #Mana,Automate wordpress posts,False
90,WEALTH 🫶💡🔌,"Minnesota, USA","#Bitcoin Buy, sell, swap, hold & trade 8 years stock and option trader, co_founder of @stockmarketlab @ashrafcapital - building @tradezella 2021 @AskBlockchain",2019-11-22 12:02:31+00:00,62,57,734,False,2022-12-01 07:34:17+00:00,"Today, I was officially welcome into the English Department of Alex Ekwueme Federal University Ndufu-Alike, Ikwo. FUNAI.

Few minutes ago, I heard someone say ""we matriculate to graduate"", I agree and pray God brings to a beautiful end what I've started.",Twitter for iPhone,False
91,Yowassup,,✨Kpop things || GA Hunter || BIGWIN ASAP ||,2021-01-08 04:44:23+00:00,65,3626,28225,False,2022-12-01 07:34:17+00:00,"RT @MrJenus: $150 ~ 24 Hours 🐒

✅RT &amp; Follow @CryptoCoinCoach
 + 
@Kepple_io

____________________________
(BE ACTIVE ON PROFILE)
Tweet: $Q…",Twitter for Android,False
92,Forex Policy,,Out of the noisy space of the broadcasting industry we bring news that matters.,2022-05-13 05:24:02+00:00,14,116,3,False,2022-12-01 07:34:17+00:00,"BINANCE BUYS JAPANESE CRYPTO EXCHANGE SAKURA BITCOIN.

Source:https://t.co/3WNU74yovk 

 #forexpolicy #SakuraExchangeBitCoin  #SEBC #japan @cz_binance #TakeshiChino #NFT #Hitomiamamoto #FSA #FumioKishidaWeb3 #bitcoin https://t.co/cNillU9CF5",Twitter Web App,False
93,gilatapisopan,,🔥🚀💰💵 2022 Insya Allah lebih wangi _,2021-06-18 04:22:11+00:00,77,4162,8803,False,2022-12-01 07:34:16+00:00,"RT @jihanicorn: $150 | 2.250.000 IDR • 24 Hours 💜

- RT &amp; Follow @CryptoCoinCoach + @Kepple_io

____________________________
(BE ACTIVE ON…",Twitter for Android,False
94,Evelyn Corr Spring,,Irish woman from Kildare. pre school sna.,2021-07-23 11:09:11+00:00,705,2062,20340,False,2022-12-01 07:34:16+00:00,RT @IrishTimesBiz: MEPs cast doubt on robustness of bloc’s incoming regulations as ECB officials criticise bitcoin’s legitimacy https://t.c…,Twitter Web App,False
95,Ricky 🌟 🚀,kolong langit,#cutetesty #Gemwinners #JayCryptoLegit,2022-04-29 10:17:29+00:00,73,3609,2406,False,2022-12-01 07:34:16+00:00,"RT @jihanicorn: $150 | 2.250.000 IDR • 24 Hours 💜

- RT &amp; Follow @CryptoCoinCoach + @Kepple_io

____________________________
(BE ACTIVE ON…",Twitter for Android,False
96,Zainab Free Tag 24/7,"Kalimantan Selatan, Indonesia",My account suspend @tiba2bigwin @0x2bigwin.,2022-03-21 11:36:32+00:00,243,2394,2746,False,2022-12-01 07:34:15+00:00,$QLC BIG NEWS COMING #BITCOIN     today will pump more than $DEGO ! BUY IT! $SNM,Twitter for Android,False
97,Yowassup,,✨Kpop things || GA Hunter || BIGWIN ASAP ||,2021-01-08 04:44:23+00:00,65,3626,28225,False,2022-12-01 07:34:15+00:00,"RT @HeiraCrypto: $150 ~ Ends in 24 hrs.

🔶 RT &amp; Follow 
@CryptoCoinCoach
 + 
@Kepple_io

____________________________
(BE ACTIVE ON PROFILE…",Twitter for Android,False
98,미미🌜free tag,,what belongs to me will simply find me✨,2014-08-12 14:21:11+00:00,233,1911,779,False,2022-12-01 07:34:14+00:00,"RT @jihanicorn: $150 | 2.250.000 IDR • 24 Hours 💜

- RT &amp; Follow @CryptoCoinCoach + @Kepple_io

____________________________
(BE ACTIVE ON…",Twitter for Android,False
99,Akun Baru || Freetag 24/7 🎄$TTC,"Jawa Timur, Indonesia","Bismillahirrahmanirrahim @bigwinsaiki
@CITRAMAULIDIYAA , @citraglorya and  @missufeei and @pcy_wins being suspended",2022-07-31 05:03:12+00:00,79,4276,3202,False,2022-12-01 07:34:14+00:00,"RT @BanniBruno: $75 | 24 Hours 🐰

- RT &amp; Follow 
@CryptoCoinCoach

 + 
@Kepple_io

____________________________
(BE ACTIVE ON PROFILE)
Twee…",Twitter for Android,False
