,user_name,user_location,user_description,user_created,user_followers,user_friends,user_favourites,user_verified,date,text,source,is_retweet
0,F4zN0m,"London, England",IT Consultant,2018-02-10 16:33:11+00:00,97,85,21100,False,2022-11-27 23:59:58+00:00,"RT @BobLoukas: The #bitcoin protocol has rejected an attack from those seeking to wrap layers around it. 

In response, through the experie…",Twitter for iPhone,False
1,Ririi 🎄$TTC,,"My account @yokkbigwin @hopebigwin20 @banyakbigwin has suspended, please don't reroll me🍀",2022-04-25 13:02:39+00:00,155,1025,11743,False,2022-11-27 23:59:58+00:00,"RT @AltCryptoGems: 🔥 $250 GIVEAWAY!!! 🔥

In order to celebrate the @AltCryptoTalk Discord hitting a 65% succes rate, I’ll be giving away 2…",Twitter for Android,False
2,Kim Hyun Jin ³⁰🔮,Basilan,My Herold 🥰,2021-12-11 09:33:20+00:00,186,4901,22258,False,2022-11-27 23:59:57+00:00,"RT @AltCryptoGems: 🔥 $250 GIVEAWAY!!! 🔥

In order to celebrate the @AltCryptoTalk Discord hitting a 65% succes rate, I’ll be giving away 2…",Twitter for Android,False
3,Hudaverse,Morocco,"Fuck it, we ball! 🇲🇦 #Bitcoin #Ethereum #NFTs #Web3",2017-03-08 18:23:59+00:00,196,524,4935,False,2022-11-27 23:59:57+00:00,RT @BitcoinMagazine: #Bitcoin will set you free https://t.co/w5jxMJG1uw,Twitter for iPhone,False
4,gak,,#fkmainstream $fkm,2018-12-26 01:55:08+00:00,55,1007,2220,False,2022-11-27 23:59:56+00:00,RT @saylor: #Bitcoin is the Tea. https://t.co/Ao6yhbM09Y,Twitter for Android,False
5,nonoksss,,"Plis done reroll, akun kena sus🙏
@agesswings_",2022-08-11 08:46:26+00:00,60,4541,7402,False,2022-11-27 23:59:55+00:00,"RT @AltCryptoGems: 🔥 $250 GIVEAWAY!!! 🔥

In order to celebrate the @AltCryptoTalk Discord hitting a 65% succes rate, I’ll be giving away 2…",Twitter for Android,False
6,Damion Calvert,,Hello bitcoin here i come,2022-05-17 10:23:26+00:00,57,342,516,False,2022-11-27 23:59:55+00:00,"RT @saylor: Texas is #Bitcoin Country.
https://t.co/SIL8fdYeX9",Twitter Web App,False
7,Yve Madden ✨🍀 🎄$TTC,,"Suspended account: https://t.co/KuKOu66v2r?… @aeyaa_bigwins

TG: Yve (@/yvemadden)
DC: Yve#6459
Paypal: https://t.co/41V9g7Zo18",2022-08-15 02:42:06+00:00,59,3531,4231,False,2022-11-27 23:59:53+00:00,"RT @AltCryptoGems: 🔥 $250 GIVEAWAY!!! 🔥

In order to celebrate the @AltCryptoTalk Discord hitting a 65% succes rate, I’ll be giving away 2…",Twitter Web App,False
8,mothsora,,"《Shitposting music boy》
《Fronting @PlainsfieldTrip》
《Clutch haver》
《22 • He/They》",2018-11-28 11:26:45+00:00,448,222,12931,False,2022-11-27 23:59:51+00:00,"Need art commission need artwork and drawing 
Essay need essay help homework done tonight essay and school 
Crypto bitcoin dogecoin nft monkey cryptocurrency",Twitter for Android,False
9,Nic Ross,"Edinburgh, Scotland",Dream Big. Make it Happen. Founder & CEO Niparo | Astrophysics | Space Law | Hibernian FC 21.v.2016. 🏴󠁧󠁢󠁳󠁣󠁴󠁿⚽️🏆💚🇳🇬💚 VIEWS MY OWN he/him/his,2009-07-23 21:35:11+00:00,993,4944,23228,False,2022-11-27 23:59:50+00:00,"@azeem $btc isn’t finished, but the ride is winding down. 
Bitcoin to spend the rest of its life between 1 and 10K",Twitter for iPad,False
10,Nipsey Crypto,,"While yall sleep, I'm up on that crypto... - - - - - 
I fux wit $JUNO $ATOM $BBANK - - - -",2020-05-21 04:42:39+00:00,279,189,5175,False,2022-11-27 23:59:50+00:00,"RT @CryptoNewsShark: One Final Capitulation Crash Before Bitcoin Reversal? Analyst Benjamin Cowen Analyzes Potential $BTC Bottom
https://t.…",All Money In,False
11,Shadowbanned Pleb.mETH ☣️⚡️,,Only hold in fiat what you’re prepared to lose. Shitcoins are worse than fiat. #Bitcoin only.,2017-09-15 13:55:33+00:00,929,1659,16746,False,2022-11-27 23:59:47+00:00,RT @wasrichnowbroke: No coiners  and tradfi haven't priced in how absolutely psychotic #bitcoin plebs are at wanting to stack more cheap co…,Twitter for iPhone,False
12,K:DefiRy (Ryan Smith),,$CMCC https://t.co/lMoCs0ML5N https://t.co/0aondGZVkM #Kadena #blockchain #KadenaEco $BTC $KDA $KDX $FLUX $KAS,2021-03-03 02:28:39+00:00,1255,1671,10151,False,2022-11-27 23:59:47+00:00,"RT @RyanMattaMedia: My community. 
Sold 100% of ERC20 tokens in November 2021. “Cycle ATH”
Never used Celsius!
Never used Voyage!
Never Pro…",Twitter for iPhone,False
13,Hariku Piaa🧚🏼‍♀️,,Super Big win $1000 🪷🪷,2022-04-02 09:32:46+00:00,71,4144,5929,False,2022-11-27 23:59:47+00:00,"RT @AltCryptoGems: 🔥 $250 GIVEAWAY!!! 🔥

In order to celebrate the @AltCryptoTalk Discord hitting a 65% succes rate, I’ll be giving away 2…",Twitter for Android,False
14,Kholoud Ali,,,2018-09-11 05:30:34+00:00,68,124,5463,False,2022-11-27 23:59:44+00:00,"RT @BobLoukas: #bitcoin either found it's bear market (4yr Cycle Low) with this Nov low....or will do so on the next 60-day Cycle low, arou…",Twitter Web App,False
15,Cryptabundance,,"Praise the Lord!
LARPing as non-ignorant macro investor REEEEEE",2021-05-05 22:02:27+00:00,64,1393,4282,False,2022-11-27 23:59:44+00:00,"RT @BobLoukas: #bitcoin either found it's bear market (4yr Cycle Low) with this Nov low....or will do so on the next 60-day Cycle low, arou…",Twitter Web App,False
16,Arian,Tehran,"Petrol Head/ Metal Head / Meat Lover/Masculine/ Anti LGBT / Anti Feminism
                 IG : @theonlyarian_",2021-02-06 15:37:16+00:00,5,26,149,False,2022-11-27 23:59:42+00:00,"RT @LayahHeilpern: 7 signs you’re a slave:

1. Vegan
2. Feminist
3. Triple vaxxed
4. Watch Netflix
5. Pronouns in bio
5. Ukraine flag in bi…",Twitter for Android,False
17,Hope For Gold-MA,,"Interested in Business and the world of Crypto
Binance Pay ID#404677817",2022-11-12 01:51:01+00:00,22,38,84,False,2022-11-27 23:59:41+00:00,"RT @Tapanpatel131: 📌 NEXT BOX💙   👇👇👇👇                                Like &amp; follow &amp; Retweet please 🤗
#btc          #binance       #crypto…",Twitter Web App,False
18,StuPleb ⚡,Timechain,"bitcoin

⚡ 🇵🇪",2021-02-19 09:19:10+00:00,511,1090,1193,False,2022-11-27 23:59:41+00:00,@surferjimw @ShannenJPEG Only bitcoin is violence.,Tweetoshi,False
19,✨ⓅⒾⒾ 🐤,🏅 number 1 di pickaw ✨,"🌻My previous account @pou_pyy has been suspended, please don't reroll me✨",2022-07-28 06:06:52+00:00,168,918,717,False,2022-11-27 23:59:40+00:00,"RT @AltCryptoGems: 🔥 $250 GIVEAWAY!!! 🔥

In order to celebrate the @AltCryptoTalk Discord hitting a 65% succes rate, I’ll be giving away 2…",Twitter for Android,False
20,ZeroChain,,,2015-09-12 13:02:18+00:00,52,175,3452,False,2022-11-27 23:59:39+00:00,@tip_nz In Thailand it is illegal to use bitcoin to buy anything including weed. They banned the use of bitcoin in payments. Weed is legal now but using bitcoin to buy weed is illegal.,Twitter for Android,False
21,Carol Williams,,#MATIC POLYGON #TRX #TRON,2021-03-17 06:51:52+00:00,25,684,511,False,2022-11-27 23:59:38+00:00,"RT @NeblioTeam: Being a sponsor of #Binance Football Fever 2022, #Neblio is also a sponsor of nice 💰 bonuses for its community.

This time,…",Twitter Web App,False
22,Crypto Investment News,United States,Helping crypto investors get the latest news that matters to them.,2021-09-23 14:10:28+00:00,143,160,37,False,2022-11-27 23:59:35+00:00,"https://t.co/6r7sl7uxUp
Taking down crypto influencers is one step that would help to heal the market
#crypto #bitcoin #eth #nft #nftcommunity #nftgiveaway",Make (formerly Integromat),False
23,Ethereum Yoda,,"UP or DOWN...
.
.
.
.
Price matters NOT.",2022-07-24 04:50:18+00:00,416,1,0,False,2022-11-27 23:59:34+00:00,"#Ethereum price update: 

#ETH $1192.53 USD
#Bitcoin 0.07262579018525961 #BTC

Follow for recent ETH price updates
#altcoin, #cryptocurrency, #crypto",Twitter Web App,False
24,Ava,,"“You’re so quiet, what’s wrong?” I’m creating my own fantasy world to escape from reality so shut up.",2010-02-27 11:15:57+00:00,648,1021,81109,False,2022-11-27 23:59:34+00:00,"And this in my mentions. Blocked and reported as spam, but really? It's bullshite. NO I don't want to invest in your bitcoin scam. Get it out of my face. https://t.co/GPC5eZXmbP",Twitter for Android,False
25,Snow ⚡️🇲🇦,Marrakech ,Highly Re¥arded FinTwit  📊,2016-05-20 17:57:04+00:00,7,198,7520,False,2022-11-27 23:59:34+00:00,RT @WifeyAlpha: Bitcoin is going to zero.,Twitter for iPhone,False
26,Bismillah #freetag,Indonesia ,"Pls don't reroll
@misscutewin 
@besokwins 
suspend 😭😭
Wifi on-off, kadang pake data. jangan di reroll klo proof beda",2022-04-29 05:30:11+00:00,88,4746,8262,False,2022-11-27 23:59:33+00:00,"RT @AltCryptoGems: 🔥 $250 GIVEAWAY!!! 🔥

In order to celebrate the @AltCryptoTalk Discord hitting a 65% succes rate, I’ll be giving away 2…",Twitter for Android,False
27,CryptoWorldEcho,,Stay up-to-date with our aggregated articles about crypto currencies from around the world. Don't miss anything and subscribe to our newsletter!,2022-01-09 07:57:10+00:00,92,19,2,False,2022-11-27 23:59:33+00:00,Michael Saylor Is The Bitcoin Twitter Personality Of The Year: Survey - https://t.co/D9RSJuUT3H #Crypto #CryptoNews #BitcoinMagazine https://t.co/1OdbeN2RyY,newsy.co,False
28,thΞj0n ᵉᵗʰ,The GmVerse,STRΞΞT ARTIST & NFT COLLΞCTOR 💎 #CryptoStreetArt™️ https://t.co/YabH6keoIg https://t.co/aMFqLgAz79,2011-08-23 21:26:22+00:00,1478,3559,40306,False,2022-11-27 23:59:30+00:00,"@maxosirisart Absolutely! The NFT’s we’re talking about today are based on the tech made possible by Bitcoin though.

That was my point :)",Twitter for iPhone,False
29,@pokkst@xmrposter.club,PGP ID: 90C2 ED85 E67A 50FF,"https://t.co/L1GO1BAlAf, mynero.i2p - #XMR wallet
https://t.co/3pvbMYDJL8 - 3d printed g*ns
https://t.co/pl1gHLl5TG - Federated social
pokket - #BCH wallet (discont.)
git.mynero.i2p - Git",2018-12-03 01:51:54+00:00,2510,237,18038,False,2022-11-27 23:59:30+00:00,"@jeremiahjjohns @concodanomics If you did mean trading volume, then why would daily exchange volume give any indication of what an exchange owes their customers? 

It doesn't, and when exchanges are trading and/or loaning out fake bitcoin and fake tethers, the metric is meaningless.",Twitter Web App,False
30,AXiS ALiVE⁵⁵⁵⁵,The Law of Time,"Conviction is the Cure to Dilution. 
Real #crypto trades ON-CHAIN. 
 📈  $HEX → #TShares ⏳",2011-02-02 18:25:41+00:00,12035,1101,56481,False,2022-11-27 23:59:30+00:00,"@FuruFinance Truth is $ETH never made an All-Time High on its #Bitcoin chart but did multiples more than $BTC on its $USD chart...
https://t.co/CcSLGmvorO",Twitter Web App,False
31,Arif,Indonesia,Belajar bersama untuk sistem keuangan yang lebih baik di setiap 210.000 blok. Belajar dengan ₿.,2013-02-02 11:55:48+00:00,2567,630,673,False,2022-11-27 23:59:29+00:00,"RT @Vivek4real_: “There are no #Bitcoin  VCs.""

Reality- There are now 14+ Bitcoin-only dedicated VCs.
@ltngventures
@Ten31vc
@TrammellVC
@…",Twitter for iPhone,False
32,Crypto Investment News,United States,Helping crypto investors get the latest news that matters to them.,2021-09-23 14:10:28+00:00,143,160,37,False,2022-11-27 23:59:29+00:00,"https://t.co/yaThsdxUw7
After FTX: Defi can go mainstream if it overcomes its flaws
#crypto #bitcoin #eth #nft #nftcommunity #nftgiveaway",Make (formerly Integromat),False
33,Sasalepro909,,,2021-10-27 01:41:57+00:00,6,52,184,False,2022-11-27 23:59:29+00:00,RT @CryptoCoinCoach: I will giveaway $200 #Bitcoin  to 10 person in next 24hrs. Just retweet and be following me so I can pm you if you win.,Twitter for Android,False
34,mariel,,,2022-11-16 17:31:54+00:00,0,1,0,False,2022-11-27 23:59:27+00:00,"I am claiming my free Lightning sats from @_bitcoiner's zesty faucet! ⚡

@boltcoiner unlock me ed1bb60c-109e-4626-913d-a659d736cada

#Bitcoin #BTC #LN #LightningNetwork #boltcoiner
https://t.co/Y8yAkZLoc9",Twitter for Android,False
35,WorldCoinIndex,,Cryptocurrency index | prices | 24hr volume | market cap | exchanges | news | api,2014-03-17 21:39:08+00:00,12778,852,479,False,2022-11-27 23:59:27+00:00,Bitcoin price index https://t.co/o7UcHJUhC6 #USD #EUR #CNY #GBP #RUB https://t.co/9mPgeRAoO9,WCI Trending,False
36,"Bilo Crypto (💙,🧡)",,"Board-Crypto Society. Chartitect, Crypto, Web3, NFTs, Entrepreneur, Advisor & more; here to share & learn more daily. Tweets are not financial advice.",2018-01-04 22:07:00+00:00,13516,738,6967,False,2022-11-27 23:59:26+00:00,"$BTC 👀 

Simple wait and see approach atm 

#BTC #Bitcoin #Crypto https://t.co/8i4QMvIYdW",Twitter for iPhone,False
37,Jey Concepcion | Bilingual Investing™,Level Up & Learn,"👇🏼Teaching FREE English/Spanish Educational Lessons On #YOUTUBE👇🏼

Computer Science (B.A) Engineer | 2017 #BITCOIN OG

Went From 0 To 6-FIGURES With #CRYPTO",2018-01-09 22:57:00+00:00,342,6,24195,False,2022-11-27 23:59:26+00:00,"👇Centralization vs Decentralization👇

https://t.co/4yeSAPLi9o

#Bitcoin #Cryptocurrency #Crypto #Blockchain #Altcoins #Money #Trading #Investing #BTC #Charts #Stocks #RealEstate #Gold #Silver #Youtube #Twitter #Instagram #Facebook #Twitch #Inflation #Education",Twitter Web App,False
38,Bitcoin News Post,,Top #Bitcoin And #Cryptocurrency News from the world's most trusted sources. Follow us for the latest updates. #bitcoinnews,2020-12-03 22:17:57+00:00,227,70,14,False,2022-11-27 23:59:23+00:00,More signs advocating for Bitcoin vs CBDCs are up in multiple locations : Bitcoin #Bitcoin #News https://t.co/3YOyn7nO3C #bitcoinnews,Revive Social App,False
39,Crypto Investment News,United States,Helping crypto investors get the latest news that matters to them.,2021-09-23 14:10:28+00:00,143,160,37,False,2022-11-27 23:59:23+00:00,"https://t.co/g5ui7JGx9H
TON Telegram integration highlights synergy of blockchain community
#crypto #bitcoin #eth #nft #nftcommunity #nftgiveaway",Make (formerly Integromat),False
40,Mark,,,2012-08-11 03:51:27+00:00,544,2006,7428,False,2022-11-27 23:59:22+00:00,RT @TheDailyHodl: One Final Capitulation Crash Before Bitcoin Reversal? Analyst Benjamin Cowen Analyzes Potential BTC Bottom https://t.co/R…,Twitter for iPhone,False
41,ChartingBot,Bitcoin,Crypto analysis for free. Developed by @GapInvestor,2022-01-21 15:23:53+00:00,403,1,3,False,2022-11-27 23:59:21+00:00,"📈Analysis November 27th📈

The current price of #Bitcoin is 16428.48$ (🔻-0.17%), and its dominance is 31.52%. 

The market sentiment is at 26 points [🔴Fear]. 

Total crypto market cap is 💰999.54 million $💰 approx. https://t.co/MZKGCZ99KO",ChartingBot,False
42,진재호,,,2021-11-04 14:18:42+00:00,14,74,542,False,2022-11-27 23:59:19+00:00,"RT @CORE_fan1: To earn more #CORE make sure you receive your #CORE and benefits ( #bitcoin) everyday also recruit more Pioneers 
Mainnet is…",Twitter for Android,False
43,Thierno Diallo,,,2021-12-18 01:26:35+00:00,333,742,18137,False,2022-11-27 23:59:17+00:00,RT @saylor: #Bitcoin is the Tea. https://t.co/Ao6yhbM09Y,Twitter for iPhone,False
44,Crypto Investment News,United States,Helping crypto investors get the latest news that matters to them.,2021-09-23 14:10:28+00:00,143,160,37,False,2022-11-27 23:59:17+00:00,"https://t.co/bO8BufZpZ6
Coinbase: Institutional Investors Increased Allocations During Crypto Winter, Long-Term Price Outlook Positive
#crypto #bitcoin #eth #nft #nftcommunity #nftgiveaway",Make (formerly Integromat),False
45,Bit-Uchi | Trading Strategy,,Easy to follow weekly Crypto signals utilizing a custom made swing-trading strategy. Eliminate the stress and hassle by making one quick trade a week.,2022-09-04 12:05:56+00:00,44,5,3,False,2022-11-27 23:59:17+00:00,"2022-11-27 WEEKLY DECISION (Bitcoin):
🛡️Hold Short Positions🛡️
Suggested Stop Loss: None
-
Previous Sell/Short signal was 2022-11-13: $16,330 https://t.co/K0nsLdCPpB",Twitter Web App,False
46,Nola Juarez,Canada,#MINA   #DOT $DOGE @dogecoin,2022-05-08 02:51:02+00:00,17,91,65,False,2022-11-27 23:59:17+00:00,"RT @NeblioTeam: Being a sponsor of #Binance Football Fever 2022, #Neblio is also a sponsor of nice 💰 bonuses for its community.

This time,…",Twitter Web App,False
47,Just_Jen😊,"Mississippi, USA",Tuna!!! #iknowyouknew,2022-06-25 23:19:32+00:00,9,10,39,False,2022-11-27 23:59:17+00:00,RT @WatcherGuru: 🇺🇸 Texas governor Greg Abbott says #Bitcoin is good for the state's power grid.,Twitter for iPhone,False
48,Rixx: Trading Assistant,Def City,"Rixx is a free-to-use cryptocurrency market analysis application that offers data, analysis, insights and trading tools.",2018-05-19 15:03:18+00:00,426,52,4,False,2022-11-27 23:59:17+00:00,4 hour top movers report #blockchain #crypto #cryptocurrency #kripto #kriptopara #trading #rixx #binance #bnb #bitcoin #btc #ethereum #eth https://t.co/GaJ7ssFGSH,Rixx,False
49,CryptoSUN,,"One small BLOCK for man, one giant CHAIN for mankind.  $BTC  $ETH  $ADA  #Cardano stake pool delegator. I like big DIPS and I cannot lie!",2012-09-03 13:17:54+00:00,254,518,13442,False,2022-11-27 23:59:15+00:00,"RT @Jeremysoojk: 🧵 Crypto is under attack. #Cardano #Bitcoin #Ethereum — all under attack by corrupt governments, critical regulators, dece…",Twitter for Android,False
50,Mr P,United States,,2013-07-26 17:16:26+00:00,674,2584,41460,False,2022-11-27 23:59:15+00:00,RT @BitcoinMagazine: #Bitcoin will set you free https://t.co/w5jxMJG1uw,Twitter for iPhone,False
51,🎋Wa_0ne99🕊llfreetag,Djogdja,"my old acc @hp_rosok and @Qurban_dollar suspend
and my acc @pickawcurut22 can't verify because the number not active
Please don't rerool my😭😭",2022-11-17 00:07:59+00:00,250,949,332,False,2022-11-27 23:59:13+00:00,"RT @AltCryptoGems: 🔥 $250 GIVEAWAY!!! 🔥

In order to celebrate the @AltCryptoTalk Discord hitting a 65% succes rate, I’ll be giving away 2…",Twitter for Android,False
52,Crypto Investment News,United States,Helping crypto investors get the latest news that matters to them.,2021-09-23 14:10:28+00:00,143,160,37,False,2022-11-27 23:59:11+00:00,"https://t.co/R2EgMCE0Yf
Venezuelan Currency Plunges Almost 40% Against the US Dollar, Analysts Cite Crypto Drought as Part of the Problem
#crypto #bitcoin #eth #nft #nftcommunity #nftgiveaway",Make (formerly Integromat),False
53,naya,,"manifesting big win✨ga hunter✨ 2 devive (cp,laptop)",2022-10-02 04:33:15+00:00,127,2572,9184,False,2022-11-27 23:59:10+00:00,"RT @AltCryptoGems: 🔥 $250 GIVEAWAY!!! 🔥

In order to celebrate the @AltCryptoTalk Discord hitting a 65% succes rate, I’ll be giving away 2…",Twitter for Android,False
54,Mr P,United States,,2013-07-26 17:16:26+00:00,674,2584,41460,False,2022-11-27 23:59:10+00:00,"RT @rovercrc: What happens first for #Bitcoin?

$10,000                $20,000
👇                                 👇",Twitter for iPhone,False
55,Smith jo,"California, USA",Please don’t follow me if you are not real because am not here for anyone games,2022-10-25 08:45:47+00:00,16,70,43,False,2022-11-27 23:59:09+00:00,Giving out $1000 Bitcoin tomorrow morning drop your wallet below and I’ll chose randomly….please no inboxes 💯,Twitter for iPhone,False
56,big win$ ✨,,#CutieBabers #HottieBabers 💜,2022-07-08 03:53:06+00:00,67,3944,3526,False,2022-11-27 23:59:09+00:00,"RT @AltCryptoGems: 🔥 $250 GIVEAWAY!!! 🔥

In order to celebrate the @AltCryptoTalk Discord hitting a 65% succes rate, I’ll be giving away 2…",Twitter for Android,False
57,kat ⭐,+63 %! ᵕ̈,money flows freely to me.,2020-05-19 17:37:05+00:00,1557,3137,83076,False,2022-11-27 23:59:07+00:00,"RT @AltCryptoGems: 🔥 $250 GIVEAWAY!!! 🔥

In order to celebrate the @AltCryptoTalk Discord hitting a 65% succes rate, I’ll be giving away 2…",Twitter for Android,False
58,Crypto Investment News,United States,Helping crypto investors get the latest news that matters to them.,2021-09-23 14:10:28+00:00,143,160,37,False,2022-11-27 23:59:06+00:00,"https://t.co/HCv630ejab
Despite 2 Entities Holding 73% of the FTX Token Supply, FTT Price Still Holds Above $1 per Unit
#crypto #bitcoin #eth #nft #nftcommunity #nftgiveaway",Make (formerly Integromat),False
59,Andrea Lorenz,Münster,she/her,2021-12-09 08:05:49+00:00,134,567,921,False,2022-11-27 23:59:05+00:00,RT @WatcherGuru: FUN FACT: 🇭🇺 Hungary is the home of the first ever Satoshi Nakamoto #Bitcoin statue in the world. https://t.co/4dJ0ZnreSX,TweetDeck,False
60,yaghob.j34,,,2022-11-18 12:40:06+00:00,71,319,851,False,2022-11-27 23:59:05+00:00,"RT @davidgokhshtein: #Bitcoin has died many times, only to come back from the dead like Jon Snow.",Twitter for Android,False
61,Kromy,Saudi Arabia,Sometimes we could always use a little magic - don't hide the magic within you. Love #Crypto #NFT,2014-10-04 19:44:36+00:00,40,1070,805,False,2022-11-27 23:59:05+00:00,RT @WatcherGuru: 🇺🇸 Texas governor Greg Abbott says #Bitcoin is good for the state's power grid.,Twitter Web App,False
62,Kovo Naro,,,2021-03-24 11:17:49+00:00,183,1193,8829,False,2022-11-27 23:59:05+00:00,"RT @el_crypto_prof: #Bitcoin 

NOBODY talks about the 0.75 line (MMBs-Indicator).

It's the most significant line in the whole bearmarket.…",Twitter for iPhone,False
63,Mike Lacy 🐲🏴‍☠️,Dallas,Telling some stories #Bitcorn,2021-05-28 03:08:52+00:00,355,508,7830,False,2022-11-27 23:59:04+00:00,"Nuclear power cheap abundant power - nah turn it into a bomb 💣 
Planes beautiful flight of man - nah strap a bomb to it ✈️ 
 Bitcoin changes civilization forever - nah it’s a weapon #bitcoin 
@JasonPLowery these sick fucks always want to murder people",Twitter Web App,False
64,SaylorQuotes,,Follow for daily @saylor #Bitcoin nuggets.,2022-10-12 00:31:06+00:00,184,1,46,False,2022-11-27 23:59:01+00:00,"""War will accelerate the adoption of #Bitcoin .""
-@saylor",Tweet Hunter Pro,False
65,Bitcoin Candle Bot,Brazil,"Robot that posts the closure of the bitcoin daily candle, written by @coinsamba",2021-01-06 01:36:48+00:00,38,4,1,False,2022-11-27 23:59:00+00:00,"Candle of day 27/11/2022 closed.

Open: $ 16,449.04
High: $ 16,585.42
Low: $ 16,417.46
Close: $ 16,427.17

Change: -0.13%

#Bitcoin #Candle #BearMarket",Bitcoin Candle Bot,False
66,Crypto Investment News,United States,Helping crypto investors get the latest news that matters to them.,2021-09-23 14:10:28+00:00,143,160,37,False,2022-11-27 23:59:00+00:00,"https://t.co/rBmXkVm3Tv
A Dozen Digital Assets Record Double-Digit Gains as Crypto Markets Begin to Heal After FTX’s Collapse
#crypto #bitcoin #eth #nft #nftcommunity #nftgiveaway",Make (formerly Integromat),False
67,AMargaretAp1 🇺🇲💃,America 🇺🇸,"Ultra MAGA American Patriot I stand for the 🇺🇸 love God and Country 🇺🇲
Always Forever President Trump 2024
BACK THE  BLUE 💙
Never Give Up 🇺🇸 FJB/FKH",2022-04-25 17:41:24+00:00,12004,12284,25495,False,2022-11-27 23:58:56+00:00,RT @Honey_BadgerSC: @AnnaMargaretAp1 @BarbaraBtperry 40 BillionTax Payer Dollars deposited into Bank of Ukraine 2. FTX Sam Bankman sets up…,Twitter for Android,False
68,Warren BuffETH,MainNet,,2022-11-24 10:10:07+00:00,16,16,18,False,2022-11-27 23:58:54+00:00,"RT @rovercrc: What happens first for #Bitcoin?

$10,000                $20,000
👇                                 👇",Twitter Web App,False
69,free^tag,"Polewali Mandar, Sulawesi Bara","God, give me a miracle",2022-02-25 12:58:12+00:00,136,3280,8235,False,2022-11-27 23:58:53+00:00,"RT @AltCryptoGems: 🔥 $250 GIVEAWAY!!! 🔥

In order to celebrate the @AltCryptoTalk Discord hitting a 65% succes rate, I’ll be giving away 2…",Twitter for Android,False
70,BitPortugal,,Bitcoin Portugal,2017-11-12 01:22:55+00:00,47,89,90,False,2022-11-27 23:58:53+00:00,"This zesty faucet from @_bitcoiner is making me tweet this to claim my free Lightning sats. ⚡

@boltcoiner unlock me 70bfe4b1-0fd4-4f22-8ac2-cade320dfa8d

#Bitcoin #BTC #LN #LightningNetwork #boltcoiner
https://t.co/TJovTK24UQ",Twitter for Android,False
71,Kovo Naro,,,2021-03-24 11:17:49+00:00,183,1193,8829,False,2022-11-27 23:58:52+00:00,RT @StockmoneyL: The history of #Bitcoin uncertainty is as old as the first Bitcoin that was mined. We have seen many black swans and long…,Twitter for iPhone,False
72,Brendon🎄$TTC,,,2021-08-07 14:58:47+00:00,129,4994,17576,False,2022-11-27 23:58:49+00:00,"RT @AltCryptoGems: 🔥 $250 GIVEAWAY!!! 🔥

In order to celebrate the @AltCryptoTalk Discord hitting a 65% succes rate, I’ll be giving away 2…",Twitter for Android,False
73,alena sabrina putri,"Bandung Wetan, Indonesia",,2015-11-21 23:51:41+00:00,48,4897,5171,False,2022-11-27 23:58:46+00:00,"RT @AltCryptoGems: 🔥 $250 GIVEAWAY!!! 🔥

In order to celebrate the @AltCryptoTalk Discord hitting a 65% succes rate, I’ll be giving away 2…",Twitter for Android,False
74,anonimos gurmt,,,2019-05-16 02:22:31+00:00,2,489,74,False,2022-11-27 23:58:45+00:00,"RT @jollycrazynft: LOVE ❤️SHOPPING 🛍KING👑
Jolly Teddy Party

https://t.co/E9FZds87vJ
https://t.co/UGqgTDNrFF

#OpenSeaNFT #Opensea #NFT #NF…",Twitter Web App,False
75,"Emalio_10 (💙,🧡)",,#Kreatorland,2020-12-08 00:33:43+00:00,121,1891,1372,False,2022-11-27 23:58:45+00:00,"RT @Sub_RZ: If I can get more followers, engagements, and members on the website I will do another airdrop campaign this time will be throu…",Twitter for Android,False
76,Bold ₿ Baller,Switzerland,"#bitcoin

Libertarian",2020-12-19 22:46:52+00:00,75,59,1836,False,2022-11-27 23:58:44+00:00,"@JamesKenway_OG @ProNHquid @GeorgeGammon Those are sanctions on fiat, not #Bitcoin .",Twitter Web App,False
77,NODE SEASON 2.0,"Raleigh, North Carolina",Cryptocurrency Investor,2021-01-29 14:44:36+00:00,1389,682,4154,False,2022-11-27 23:58:42+00:00,"There is an argument that a lot of the top altcoins will not recover after the SEC list them as securities, i'm researching ones that the SEC would consider commodities, with no premined tokens, no ico, or ido three that come to mine are Bitcoin, Litecoin, and Ravencoin, any",Twitter Web App,False
78,KingSavage 🐵,,"#metamonkeyAI 🐵
TG Mod 💎
https://t.co/69nqPTJipf
#metamonkeyAI YT - https://t.co/RZC5clXiSx",2022-02-02 23:50:55+00:00,730,955,19924,False,2022-11-27 23:58:42+00:00,RT @DrCrpto1: Buyer bought +/-50 ETHs and won the 10 ETH prize from our Mega biggest buy competition. #WCI #WarPigsToken #Betcoin #Yantra #…,Twitter for Android,False
79,Bitcoin Price Ticker,,Tweets the current price of #bitcoin every 5 minutes,2022-10-20 07:10:38+00:00,55,7,9,False,2022-11-27 23:58:41+00:00,"1₿ = $16459.53 -0.04%🔻

Details:
Change: 🔻-5.77$
24H Low = $16431.98🔻
24H High = $16600.08💹

#bitcoin #btc",BitcoinLivePriceTicker,False
80,Xavier Fiechter,,"We can't control ""the mempool"", but we can push your Bitcoin transaction, based on predefined conditions, through a mempool. https://t.co/fWtDjyCwbM",2017-09-12 13:47:06+00:00,670,1618,18230,False,2022-11-27 23:58:40+00:00,"RT @btc_halving: ▓▓▓▓▓▓▓▓▓▓▓░░░░ 64.3% 

521 days left  ($16502 per #bitcoin)",Twitter Web App,False
81,🎄Déesse Káli 🎄 $TTC,,"🖤

🖤OPEN FOR PROMOTION🖤🖤ADMIN OF DIFFERENT HOST🖤

✨✨✨PLS TURN OFF RETWEETS!!! MANIFESTING A BOUNTIFUL YEAR AND A LOT OF WINS AND BIG WINS✨✨✨",2019-04-16 01:05:58+00:00,321,1635,2702,False,2022-11-27 23:58:39+00:00,"RT @AltCryptoGems: 🔥 $250 GIVEAWAY!!! 🔥

In order to celebrate the @AltCryptoTalk Discord hitting a 65% succes rate, I’ll be giving away 2…",Twitter for Android,False
82,Brent Hadley,,,2021-09-26 16:15:25+00:00,5,54,39,False,2022-11-27 23:58:39+00:00,"RT @StockmoneyL: #Bitcoin 

HISTORICALLY Oversold! https://t.co/iAHn3tfGHw",Twitter for iPhone,False
83,Nelly Furtive,"Los Angeles, CA",old enough to know better,2022-11-21 17:01:10+00:00,20,69,985,False,2022-11-27 23:58:39+00:00,RT @Jaboed1: @GRDecter Confused what your point is. Thatis the difference between regulation and no regulation. Bitcoin markets are unregul…,Twitter for iPhone,False
84,Annie,"Minneapolis, MN",,2022-11-04 00:48:25+00:00,32,54,8351,False,2022-11-27 23:58:39+00:00,"RT @LayahHeilpern: 7 signs you’re a slave:

1. Vegan
2. Feminist
3. Triple vaxxed
4. Watch Netflix
5. Pronouns in bio
5. Ukraine flag in bi…",Twitter for iPhone,False
85,Cedric Youngelman⚡️,tinyurl.com/bitcoinonyoutube,Family man. Host of The Bitcoin Matrix Podcast @_BitcoinMatrix - a philosophical podcast about Bitcoin,2009-05-12 17:22:43+00:00,17106,6670,95821,False,2022-11-27 23:58:38+00:00,"RT @CedYoungelman: 🔥🔥🔥

""The system has been doing exactly the same thing for the past decade but people have been FOMOing in &amp; out of #Btc…",Twitter for iPhone,False
86,pia,bts,✨🍀big win come to me🍀✨// joining & stan acc :~ don’t rt my retweets// i use 2 devices// #pi4proofs,2021-06-13 14:52:42+00:00,134,4979,20898,False,2022-11-27 23:58:35+00:00,"RT @AltCryptoGems: 🔥 $250 GIVEAWAY!!! 🔥

In order to celebrate the @AltCryptoTalk Discord hitting a 65% succes rate, I’ll be giving away 2…",Twitter for iPhone,False
87,Ethereum Yoda,,"UP or DOWN...
.
.
.
.
Price matters NOT.",2022-07-24 04:50:18+00:00,416,1,0,False,2022-11-27 23:58:34+00:00,"#Ethereum price update: 

#ETH $1196.17 USD
#Bitcoin 0.07268536 #BTC

Follow for recent ETH price updates
#altcoin, #cryptocurrency, #crypto",Twitter Web App,False
88,FazAmira Rizkia🍀 freetag🍀,,Hunter acc🤑 @.chimiwin got sus,2022-11-13 04:20:04+00:00,110,819,856,False,2022-11-27 23:58:34+00:00,"RT @AltCryptoGems: 🔥 $250 GIVEAWAY!!! 🔥

In order to celebrate the @AltCryptoTalk Discord hitting a 65% succes rate, I’ll be giving away 2…",Twitter for Android,False
89,seolar 🌟 tumal era,3 devices 💻/📱; check pinned,s-word acc @/misseofe • turn off my retweets so our entries can be counted (｡･ω･｡)ﾉ♡ • #6️⃣5️⃣🎹,2022-04-29 04:51:04+00:00,132,4763,7024,False,2022-11-27 23:58:32+00:00,"RT @AltCryptoGems: 🔥 $250 GIVEAWAY!!! 🔥

In order to celebrate the @AltCryptoTalk Discord hitting a 65% succes rate, I’ll be giving away 2…",Twitter Web App,False
90,riegowatapampaUV.2,,My main account @youareyouright got suspended 🥹,2022-07-07 11:20:30+00:00,93,4210,288,False,2022-11-27 23:58:30+00:00,"RT @AltCryptoGems: 🔥 $250 GIVEAWAY!!! 🔥

In order to celebrate the @AltCryptoTalk Discord hitting a 65% succes rate, I’ll be giving away 2…",Twitter for Android,False
91,SatsCoinsv / El Salvador 🇸🇻,,"Sats ≡ / #Bitcoin ₿/ ⚡/SV

The largest decentralized money
https://t.co/itO12YO2xt",2020-06-07 05:44:26+00:00,204,4041,4385,False,2022-11-27 23:58:30+00:00,RT @Bitcoinbeach: Live from Bitcoin Beach - the world’s most beautiful YouTube studio location 🔥🔥🔥 https://t.co/Q7UlbGVdch,Twitter for Android,False
92,William Mariño,"Guayaquil, Ecuador","There are things that we can have, but can't keep.",2014-08-22 18:09:43+00:00,191,423,1350,False,2022-11-27 23:58:29+00:00,"RT @StockmoneyL: #Bitcoin 

HISTORICALLY Oversold! https://t.co/iAHn3tfGHw",Twitter for iPhone,False
93,Chevan Hodges,Canada,#CRYpto || #BITCOIN || #NFT || #HODL,2021-10-10 21:30:30+00:00,17,72,87,False,2022-11-27 23:58:28+00:00,RT @CryptoCoinCoach: I will giveaway $200 #Bitcoin  to 10 person in next 24hrs. Just retweet and be following me so I can pm you if you win.,Twitter for iPhone,False
94,iin khoerinnisa#free tag,"Tangerang, Indonesia","Akun @ifrangunyem ke suspend/ditangguhkan, please jangan rerol",2022-08-12 04:12:02+00:00,74,3203,1382,False,2022-11-27 23:58:27+00:00,RT @CryptoCoinCoach: I will giveaway $200 #Bitcoin  to 10 person in next 24hrs. Just retweet and be following me so I can pm you if you win.,Twitter for Android,False
95,April Miller,USA,"New Year to spring comes bustling laughter
KAVA #KAVA $KAVA #STEPN #GMT #GST",2021-03-17 06:54:40+00:00,22,790,621,False,2022-11-27 23:58:25+00:00,"RT @NeblioTeam: Being a sponsor of #Binance Football Fever 2022, #Neblio is also a sponsor of nice 💰 bonuses for its community.

This time,…",Twitter Web App,False
96,J1s ∞/21M,Hawaii,"Advancing the pleb revolution thru #Bitcoin education and seed investing. Grad degrees in telecom engineering, business admin, and digital currency.",2015-02-17 23:01:51+00:00,942,1393,47363,False,2022-11-27 23:58:25+00:00,"@greenpeaceusa Yep, and @greenpeaceusa is a major source of MISINFORMATION regarding #Bitcoin's energy use. Everyone needs to ask, who is paying for your disinformation campaign?",Twitter Web App,False
97,J. Greenriver,King of the Lores,"Buried 200 acorns this year, don't be my 201st; Entrepreneur, Programmer, HR, SF, Incentive Structures, Wertfrei Sciences & Farright Efficiency Research Analyst",2017-07-01 17:34:37+00:00,839,62,19338,False,2022-11-27 23:58:25+00:00,"RT @superphatarrow: Today you are outraged by FTX

We are not, we are just trying to get your attention. 

The real attack is not FTX, the…",Twitter Web App,False
98,Lds maher shalal hash baz,"Utah, USA",Son of God and Disciple of Christ,2022-11-24 15:15:49+00:00,27,413,52,False,2022-11-27 23:58:24+00:00,"RT @LayahHeilpern: 7 signs you’re a slave:

1. Vegan
2. Feminist
3. Triple vaxxed
4. Watch Netflix
5. Pronouns in bio
5. Ukraine flag in bi…",Twitter Web App,False
99,Crypto Boy,"Los Angeles, CA","Financial Analyst, PhD Engineering. I provide updates, research, and analysis on the Celsius situation as it unfolds. Not a financial advice.",2022-06-19 02:48:35+00:00,79,32,1522,False,2022-11-27 23:58:24+00:00,"RT @BTC_Archive: Should Elon integrate #Bitcoin Lightning into Twitter? 

The consequences of this poll will be important. Please vote care…",Twitter for iPhone,False
