,user_name,user_followers,user_location,user_description,tweet_replies,tweet_retweets,user_verified,date,text
0,CommonVeggies,177,Soil,"Carrot, lettuce, cabbage, etc.",1,0,False,2022-04-30 23:59:59+00:00,"@Quinnvestments would love to engage more with these tweets, but need to go to the hardware store to get replacement parts for my bitcoin sell signal detector. lil bugger keeps overheating on me!"
1,MarkQuarter,658,,Quarterly market news coverage,0,1,False,2022-04-30 23:59:57+00:00,"@wlwatts What are actually ""stupid"" &amp; ""evil"" are the things $BTC &amp; $BCH, Bitcoin &amp; Bitcoin cash works to improve

Human rights, anti-slavery, anti-poverty, anti-homelessness, anti-food-insecurity:  Anything philanthropists want to apply the tech to, including better curative medicine"
2,SimpleC9000,10,,,0,0,False,2022-04-30 23:59:55+00:00,"SimpleC found #bitcoin in a Blue vault at this location! Join me playing #coinhuntworld, It's awesome! https://t.co/81DDy0uhQT #cryptocurrency #365955 https://t.co/JsReEAnQCE"
3,Vedant2103,252,🇾⍥ÜṘ ❤,"Sweet dreams are made of this
Who am I to disagree
I travel the world and the seven seas
Everybody's looking for something
__________________
🛠  @KitPat_io 🛠",0,0,False,2022-04-30 23:59:53+00:00,@Minecraft #Bitcoin  Genesis Block !
4,458Aman,19,,"Social worker,  TRSian forever.... Jai Telangana.

Crypto investor,Crypto advisor...",4,0,False,2022-04-30 23:59:52+00:00,@Bitcoin #cats coming
5,happens633,10,,,1,0,False,2022-04-30 23:59:51+00:00,@jonkotje @AltcoinDailyio Will be way cheaper below 2c when Bitcoin dumps to 25k over the next 2 months
6,fahad2013313,1223,,سبحان الله وبحمده سبحان الله العظيم,0,0,False,2022-04-30 23:59:49+00:00,@Bitcoin_K_S_A @1_inns @Aboghzal4 @hm52d Ok ✅
7,BVBTC,49513,,Creative Director / Head of @SwanBitcoin Studios🎬 Stone Sculptor⚒ | Author of @RhymingBitcoin 📚,19,1,False,2022-04-30 23:59:48+00:00,"I know that gold is vastly inferior to Bitcoin, but I can’t help loving how it looks. Probably have to wait a bit longer, but I’m very excited for it to lose its monetary premium so I can use the real stuff to adorn Bitcoin art.🤷🏻‍♂️ https://t.co/y3nQcTTVLt"
8,LakeBitcoin,4975,"Panajachel, Guatemala","Lake Atitlan #Guatemala #Bitcoinlake 
Donate: pagar.bitcoinlake.io/Bitcoinlake
email: Bitcoinlake@reacher.me 
Merch: bitcoin-lake.myshopify.com",0,0,False,2022-04-30 23:59:45+00:00,@Bitcoin_Xoe @Bitcoinbeach https://t.co/NAZU8F8DFw
9,Oguzhanderblock,3233,"İzmir, Türkiye",nevi şahsına münhasır şekilde insanlara kırgın! высказываю своe мнениe не нарушая закон,0,0,False,2022-04-30 23:59:42+00:00,"17 gün geçti. 1 kere 42K’ya, 2 kere 40.500’lere geldi fiyat. Hepsinde bastım shortu. Eşek değilseniz, bazı şeyleri görmeniz gerekiyor. 

Biasımı belirlemede bana yardımcı olan @eness_turann’a teşekkür ederim. 

“Finansal piyasaların insanı duygular umrunda değil” 

$BTC #Bitcoin https://t.co/qdbprQdONl"
10,Americankube,55,"Los Angeles, CA",Casual experienced part time trader,0,0,False,2022-04-30 23:59:41+00:00,@BTC_Archive Buy Bitcoin for 401k and go homeless
11,LivePriceCrypto,4082,,"I Tweet the latest #BTC/#ETH/#BNB/#MATIC price
Daily/Weekly Technical Indicators 
Data every minute. 
Live since 20/03/2022

@web3africa1",1,0,False,2022-04-30 23:59:40+00:00,"#Bitcoin Last Price $37652 #BTC 🚀
Daily Indicators:
-RSI: 37.5
-MA(20): 39887
-MA(50): 41959
-MA(200): 47343
-Bollinger B. lower/upper: 37923/41850

#Ethereum Last $2728 #ETH
-RSI: 36.6
-MA(20): 2973
-MA(50): 3049
-MA(200): 3461
-BB: 2774/3172

#Crypto #Live

53798"
12,Bitcoin8News,6851,,"I tweet about the $BTC price every 15 minutes.
Data is retrieved from @binance.

#Bitcoin #BTC

More bots 🤖:
#ETH: @Ethereum8News
#BNB: @BNB8News",1,0,False,2022-04-30 23:59:40+00:00,"The $BTC price is at $37,639.26 right now.
🔴 Compared to the last tweet, the price has dropped by $32.58 (0.09%).
🔴 In the last 24 hours the price has dropped by $954.04 (2.47%).

#Bitcoin #BTC https://t.co/cafT8P8Y1O"
13,aYtuarte43,432,United States,Made peace w all the bad decisions. Caught the Crypto bug in 2017 it eventually crushed my life 2022~ Trader  All post R my Opinion ~ Fuck HODLing!! 🌊🏄🏻‍♂️,0,0,False,2022-04-30 23:59:37+00:00,"FML $SHIB #crypto crypto my god sooooooooooo much “NEWS”
Literally starting a new job this month
Allllll these “fortune favors the bold” brain washing BS messages! 🤦🏻‍♂️
Shit never changes @NFL @cryptocom @NBA @RobinhoodApp #Bitcoin #crypto
It was fun while it lasted 😞
🌊#wipeout"
14,Gholacrypto,77,Canopus,They See What They've Been Told To See,0,0,False,2022-04-30 23:59:33+00:00,Do not fall into despair for Nature loves courage. #Bitcoin
15,laplenaCo,82776,"Cartagena, Colombia",Somos #laplena,0,0,False,2022-04-30 23:59:28+00:00,Ten en cuenta estos consejos antes de invertir en #Bitcoin y #criptomonedas. https://t.co/DwJfX2UfL6
16,noliqnocry,88,"Ankara, Türkiye",-Kendi Çapında Trader- since 2019 Paylaşımlarım kimseye al sat tavsiyesi değildir. #24# MOSTLY PA⚜️,2,0,False,2022-04-30 23:59:28+00:00,"#Bitcoin #BTCUSDT $BTC
3 günlükte takip ettiğim kutucuğa yaklaşıyor. İlk kırmızı kutu OTE bölgesi. 36200 e atılacak fitille bir bounce gelebilir. 36k nın likiditesini almak isterse son dönüş 32k dır altında geçmişler olsun. https://t.co/J8MwobPifO"
17,SwCPoker,2295,"No Banking, Only Bitcoin.","#1 $BTC & $BCH Poker Site
Hold'em ♣️ Omaha ♣️ Draw ♣️ Chinese ♣️ Mixed
Cash Games 🃏 Tournaments 🏆 24/7 Freerolls 🆓 
Krill Rakeback 🧹🔙 Leaderboards 📊",3,2,False,2022-04-30 23:59:27+00:00,"The Bad Beat Jackpot is now over 3.225 #Bitcoin  📈  

Jackpot tables starting as low as 10/20 blinds

Play now on Windows, Mac, Android or Browser clients 💻 🍎 📱  ⤵️

🌐  https://t.co/KHUUR7OXkZ https://t.co/0nBE2Q6aO1"
18,JeffHdezRM,642,,"Hijo de Dios, amarlo sobre todas las cosas•Ingeniero Mecánico•Guajiro•Calidad es hacer las cosas bien incluso cuando nadie te está mirando-Crypto Trader",1,0,False,2022-04-30 23:59:24+00:00,"Cero pánico para los manos de papel.
  
Eh aquí la oportunidad para los toros aguantar esta zona y seguir por el canal alcista.

Ingresar nuevamente al canal bajista sería invalidar todas la estructura macro alcista y decirle adiós al 2022.

#Bitcoin https://t.co/UURtiMXZpA"
19,Wesley27111985,79,The Netherlands,"🚨 Crypto currency and Stocks 🚨

Time⏳️ in the Market beats Timing the Market 🚀",0,0,False,2022-04-30 23:59:23+00:00,#bitcoin #bears be like https://t.co/VBVuyZ7CzR
20,AWahllos,1925,mothafuckin' BERLiN,"Susi is pissed, yall apein shit n keep it on a cex. dyor! 

a r t  by CSA: objkt.com/@awahllos
 digital-art-revolution.berlin/seven-di",0,1,False,2022-04-30 23:59:23+00:00,"will we ever see ath again? 
#Bitcoin #crypto"
21,goldenstate11,1173,,Digital Artist and NFT Collector. A member of the Soul_Cards + Dreams_NFT Teams. This is my personal twitter account. Stay safe - stop scammers and ruggers!!,54,30,False,2022-04-30 23:59:19+00:00,"It's time for another GIVEAWAY. 🔥🚀👍😀

Dreams_NFT 1:1 'Ancient Temple' could be yours. 
Like. Retweet. Eth Add. Tag frens.

#NFTGiveaway #NFTCommunity #nftcollector #NFTGiveaways #Bitcoin #Ethereum https://t.co/TowwpKVTuA"
22,Erosennik,15,このは,Jiraiya,1,0,False,2022-04-30 23:59:18+00:00,15.27 ₺den #Tether olamayan herhangi bir doları satmak şu an mümkün değil. Hele bu saatte tatilde falan hiç mümkün değil. O yüzden dolara yatırım yapmayı düşünüyosan bile bu piyasa en iyisi. Teşekkürler #Tether teşekkürler #Bitcoin
23,VeeKnowsCryptos,494,,Bringing knowledge of #DeFi to budding Urban CryptoCurrency Community. #crofam,1,0,False,2022-04-30 23:59:18+00:00,"tokenviz: 🌕 Biggest #Cryptos 1-Day Volume

#Bitcoin: $38,250.43 (−0.93%)
#ETH: $2,781.22 (−1.35%)
$BCH: $282.2 (−4.40%)
$LUNA: $78.36 (−8.21%)
#XRP: $0.6053 (−0.98%)

👉 Follow to bring #cryptocurrencies dashboard right to your feed. https://t.co/ktG7Oy54Y2"
24,QuentinBishop11,168,"Los Angeles, CA","I’m an actor, model, security guard, Christian, investor in stocks and crypto currency. I’m very compassion of other people in need. I love helping people",0,0,False,2022-04-30 23:59:17+00:00,"Bitcoin Has Reached ‘Escape Velocity’ Based on One Metric, Says Hedge Fund CEO Anthony Scaramucci https://t.co/Bp0vma2pEs"
25,BitcoinPriced,270,,"🤖 Follow me to get hourly Bitcoin price updates

🚨 Get Bitcoin alerts at datadazz.com",0,0,False,2022-04-30 23:59:17+00:00,"Current  #Bitcoin Price: $37,755.80 📉"
26,BitcoinObserve1,51,,"Thank God for Bitcoin, sane people, hope and love",0,0,False,2022-04-30 23:59:16+00:00,"@TuurDemeester Was sad how he repeatedly defended Fraud Fargo but yells at Bitcoin. 

Warren is a mega-liberal too so not surprised"
27,RixxTech,426,Def City,"Rixx is a free-to-use cryptocurrency market analysis application that offers data, analysis, insights and trading tools.",1,0,False,2022-04-30 23:59:16+00:00,4 hour top movers report #blockchain #crypto #cryptocurrency #kripto #kriptopara #trading #rixx #binance #bnb #bitcoin #btc #ethereum #eth https://t.co/vDbtkcQsrj
28,dustinwatchman,2481,America,"Author✍️
Amp up Your Family
.
Amp up Your Community⚡️
.
Why Bitcoin? Why Now?
.
KISS Grammar Books
.
DOWNLOAD @
dustinwatchman.gumroad.com",0,0,False,2022-04-30 23:59:15+00:00,"3 minutes apart
1 call for #Bitcoin go up
1 call for #BTC go down

What are you all feeling?
Up or down? https://t.co/LAfwjvI4zu"
29,FxgolgoB,220,BidとOfferの間 zone,相場Botゴル語を30分ごとにつぶやきます。話し掛けてもこちらは返事はしません。 YouTube youtube.com/channel/UCo8u4…  →@fxgolgo,0,0,False,2022-04-30 23:59:12+00:00,"言い訳しない #fx,#bitcoin"
30,DamelisMorales2,0,,.,0,0,False,2022-04-30 23:59:08+00:00,"This zesty faucet from @_bitcoiner is making me tweet this to claim my free Lightning sats. ⚡

@boltcoiner unlock me 2782492f-3202-4e9c-84de-81e8290d08fe

#Bitcoin #BTC #LN #LightningNetwork #boltcoiner
https://t.co/wSzNcFoIrL"
31,APACHE_AHMEDOV,41,,ستبقى تائها حتى تصلي,0,0,False,2022-04-30 23:59:07+00:00,@Bitcoin_K_S_A @1_inns @Aboghzal4 @hm52d اللهم انك عفو كريم تحب العفو فاعف عنا
32,SymbianSyMoh,27389,México,"Founder & Chief Hacking Officer at @Seekurity, Hacking, Reversing, Analyzing, βuilding & βreaking since Y2K-1 (BugBountyProgram.com, @OWASP, @S3Geeks)",1,0,True,2022-04-30 23:59:07+00:00,"Don't care much about usability, want more security? Yeah why not. Your fingerprint is your unique signature!

#Bitcoin #cryptotwitter ♥️ https://t.co/tbGemLNoP0"
33,BotDolarBlue,762,Argentina,"ℹ️ Información sobre el Dólar. 
➡ Cotización de la divisa Americana y tipos de cambio en Argentina. 📈📊
➡ BTC
⚠ No brindamos consejo de inversión.",0,0,False,2022-04-30 23:59:04+00:00,"🟥 El valor del BITCOIN CAE a $37K 🔽

#BTC #Bitcoin $BTC"
34,geekinteger,46,,"Tech Reviews, Opinions and All Geeky Stuff.",0,0,False,2022-04-30 23:59:04+00:00,"Is Web3 like taking part in Minecraft?
#bitcoin #TechNews #Technology #crypto
https://t.co/hcmx6clOD1"
35,Adelgary,5806,Don't ask,#Bitcoin and freedom maximalist                    Government minimalist,0,0,False,2022-04-30 23:59:02+00:00,@fartface2000 @GreenDave16 @bitcoin_fuckboi Reporting you to @SusieBdds
36,bitcoincandle,38,Brazil,"Robot that posts the closure of the bitcoin daily candle, written by @coinsamba",0,0,False,2022-04-30 23:59:00+00:00,"Candle of day 30/04/2022 closed.

Open: $ 38,603.35
High: $ 38,793.68
Low: $ 37,671.67
Close: $ 37,695.71

Change: -2.41%

#Bitcoin #Candle #BearMarket"
37,jxavierf74,205,"South Carolina, USA","nobody nowhere doing nothing. once a farmer (big sky), single dad, politically-fluid apolitical. (pronouns: it/thing/boy toy)",1,0,False,2022-04-30 23:58:57+00:00,@jhgage1 @KeillerDon @dennywhite11 @edwnorris1 @bitcoin_eagle @WEschenbach @LazyyReader @Veritatem2021 We need to eliminate the CO2 being emitted by the oceans as they contribute to 95% of CO2 in the atmos.  The most viable solution is to fill the oceans with soil…this will also have the added benefit of providing more usable land for agriculture.  WE MUST ACT NOW
38,asimansi,274,"Jeddah, Saudi Arabia","Interested in economy, stock markets, & startups. مهتم بالاقتصاد و سوق الاسهم",0,0,False,2022-04-30 23:58:52+00:00,"“Whether it goes up or down in the next year, or five or 10 years, I don't know. But the one thing I'm pretty sure of is that it doesn't produce anything,” -Buffett said of cryptocurrency 
#Bitcoin"
39,DogecoinPostive,455,"New York, NY",Believe SETI WOW Signal was a future signal. Support Twitter. We all matter.,1,0,False,2022-04-30 23:58:51+00:00,@saylor I head many Bitcoiners are stepping away from Bitcoin and joining Dogecoin. @elonmusk #Doge
40,093209_han,335,,Man lives to solve difficulties. This is the meaning and content of life,0,0,False,2022-04-30 23:58:48+00:00,"Bitcoin software can process about 1,700 transaction orders per second."
41,sweetburgercom,208,Mars,Experimental crypto bot who hates other twitter bots.,0,0,False,2022-04-30 23:58:47+00:00,"#bitcoin Block #734314 : 1211371 bytes, 2392 transactions, 6.30281099BTC($237,490) reward
            
For more information, visit https://t.co/IynYYuZ0Sn"
42,svstoic,133,,"Proud American 🇺🇸 , Soldier of Christ, Modern Stoic Man, Freedom Fighter, Bitcoin & crypto, NFA DYOR, Stand with 🇺🇦 & 🇹🇼",1,0,False,2022-04-30 23:58:47+00:00,"@JasonPLowery Hey guys easy on my gramps. Respect your elders. I know he thinks @Bitcoin is rat poison but he does like Coke,  human poison ☠️"
43,Ibrahim93301274,120,"Kano, Nigeria","Bitcoin BTC, BNB Investor, dogecoin,   crypto investor also daily trade",0,0,False,2022-04-30 23:58:46+00:00,#Bitcoin  never give up
44,ingcruzvalerio,171,Margarita,Full stack developer | laravel | PHP | Django | python | javascript | Vuejs | aprendiz de React y solidity | cryptonauta,0,0,False,2022-04-30 23:58:46+00:00,"Denle durooo!! Hasta que te vean en la calle y digan ""este pana vende drogas"" #Bitcoin #BNB #Ethereum"
45,WhalepoolCalls,360,,"For the trolls & memes, tracking @whalepool sentiment. Join us on teamspeak & make your price call or tag @whalepoolCalls on a post ⚠️ Not Financial Advice.",0,0,False,2022-04-30 23:58:45+00:00,"https://t.co/fPxmplsxZN - Miller

#bitcoin"
46,cryptoowin,4979,,#bitcoin #raca #ethereum #web3 #metaverse #Crypto Paylaştıklarımız yatırım tavsiyesi değildir. Telegram grubu👉 t.me/CryptooWinn,0,0,False,2022-04-30 23:58:44+00:00,"🚨Bitcoin 🚨 Bitcoin şu an çok kritik seviyede 37.500$ altı günlük kapanış bizi ilk olarak 35.000$ seviyesine götürecektir.
#btc #bitcoin #altcoin #Ethereum #Crypto #Metaverse https://t.co/mJrjGodabU"
47,Solsun8317,96,,"Join me playing Coin Hunt World!!! It's free to play! You get Crypto instead of nothing!!!! 

coinhunt.gsc.im/ZdHSsiKIZC",0,0,False,2022-04-30 23:58:42+00:00,"Solsun found #bitcoin in a User vault at this location! Join me playing #coinhuntworld, It's awesome! https://t.co/cBqTpM6WTG #cryptocurrency #100249 https://t.co/y6Yyagtdww"
48,cryptoauznet,91,Australia / WordWide,"Providing with the latest #crypto news, #Bitcoin, #Ethereum and #Altcoins, and #blockchain. We review brokers and exchanges.",0,1,False,2022-04-30 23:58:42+00:00,"🔥Sanctioned Russian Officials Banned from #Binance
Full Story 👇👇
 https://t.co/rAoWIpP28F
#crypto #Russia #Bitcoin https://t.co/YBHJcBaXu1"
49,FutureSae,97,,"We are a company with investments and projects in green energy and crypto mining. Countries: France, Italy, Portugal, Monaco and Lithuania. #bitcoin #crypto",0,0,False,2022-04-30 23:58:42+00:00,"At the time of correction, leave the alticoins aside.  buy #bitcoin"
50,praisethesats,1199,,"#bitcoin, illiquid jpegs, UX sometimes",0,0,False,2022-04-30 23:58:41+00:00,"every second solana is down I buy more bitcoin, 1 sat per second."
51,barber_bitcoin,11,,crypto 2018 | jiu jitsu 🎨,0,0,False,2022-04-30 23:58:41+00:00,$btc https://t.co/oDEuxXZkeW
52,LivePriceCrypto,4082,,"I Tweet the latest #BTC/#ETH/#BNB/#MATIC price
Daily/Weekly Technical Indicators 
Data every minute. 
Live since 20/03/2022

@web3africa1",1,0,False,2022-04-30 23:58:40+00:00,"#Bitcoin Last Price $37652 #BTC 🚀
Daily Indicators:
-RSI: 37.5
-MA(20): 39887
-MA(50): 41959
-MA(200): 47343
-Bollinger B. lower/upper: 37922/41851

#Ethereum Last $2727 #ETH
-RSI: 36.6
-MA(20): 2973
-MA(50): 3049
-MA(200): 3461
-BB: 2774/3172

#Crypto #Live

53797"
53,TaumKeoni,2,,"Pew pew, lightweight baby",0,0,False,2022-04-30 23:58:37+00:00,"KTDogg found #bitcoin in a Blue vault at this location! Join me playing #coinhuntworld, It's awesome! https://t.co/fNfuYyXn2d #cryptocurrency #2607896 https://t.co/coYQQhvZJE"
54,tyskipper5,141,"Crestview, FL","I like to trade #bitcoin;Bullish on $KDA; Libertarian, generally; Tweets are NFA",1,1,False,2022-04-30 23:58:35+00:00,"If #bitcoin doesn’t close this weekly candle tomorrow above $39.500, give or take $100, it will be the first time in 7.5 years we have 5 consecutive red weekly candles. Since #btc was $265. 😳😅 https://t.co/sa1KL1voPU"
55,fyrebtc,945,"Hialeah, FL, USA",we need to be building world 2.0,0,0,False,2022-04-30 23:58:34+00:00,@mandyzcamp Money is always needed as a method of exchanging value. And bitcoin is the best at it.
56,proofofshyte,253,The Netherlands,#Bitcoin and #Bitcoin only.,0,0,False,2022-04-30 23:58:32+00:00,"Wait for below $28,000 before hell really opens up.
#Bitcoin #Crypto"
57,Yunsik253,784,Republic of Korea,"BUY HIGH, SELL LOW‼️😎#SausageFam Former Mt. Gox Fund Manager Best Lesbian Technical Analyst :) #Bitcoin $LUNR DM 4 nudes Bybit Bonus⬇️",0,0,False,2022-04-30 23:58:30+00:00,#bitcoin is cancer
58,WerewolfMoms,3179,,Game Developer | 3D Artist | Critical Stinker | Hell Gremlin | he/him | AD/Priv: @PixlSheefs (DM first please) | 🔞,1,0,False,2022-04-30 23:58:29+00:00,"i actually invented bitcoin, for 4000 dollars i will shut it down right fucking now"
59,Jestopher_BTC,4911,"Los Angeles, CA","Co-Founder @ Amboss.space - ⚡ Network Explorer 🔦

Never before has greed tempted me to live a very simple life.",0,0,False,2022-04-30 23:58:28+00:00,"It's not yet bitcoin's time to shine.

Soon TM."
60,fahad2013313,1223,,سبحان الله وبحمده سبحان الله العظيم,1,0,False,2022-04-30 23:58:25+00:00,@Bitcoin_K_S_A @1_inns @Aboghzal4 @hm52d Let's go where ?
61,AbdelwahabSaidi,3,,,0,0,False,2022-04-30 23:58:18+00:00,Create automated tasks with @jobboycom API Deposit withdraw with #crypto #bitcoin.'.'...'d'.
62,cencoin0,0,,,0,0,False,2022-04-30 23:58:18+00:00,bu kripto piyasasında yaptığım en büyük hata ve defalarca tekrarladığım hata ne biliyo musunuz bu platformdaki fenomenlerin tweetlerinden fomolanmak benim gibi bir sürü insan vardır bence #btc #Ethereum #Bitcoin
63,AelIbarra,53,,,0,0,False,2022-04-30 23:58:17+00:00,@TJafferhussain @Francis04142959 you know bitcoin and most of all other major coins are falling right??? its not just Zil
64,Georg_Grey,311468,Mexico,"Entrepreneur, freedom-lover #Bitcoin Digital Asset Investor. Trader. Broadcasting from Mexico",0,0,False,2022-04-30 23:58:15+00:00,Bitcoin: Capitulation Thoughts https://t.co/dATXjgntZQ via @YouTube
65,agahergin,21550,istanbul,𝐒𝐭𝐫𝐚𝐭𝐞𝐣𝐢𝐬𝐭//𝐓𝐫𝐚𝐝𝐞𝐫 A&E Akademi #borsa #kripto Canlı yayınlar ve Eğitim için ➡️ youtube.com/@agahergin,13,0,False,2022-04-30 23:58:15+00:00,Gece saat 3:00 kimse uyumuyor sanırım maşallah Twitter coşku içinde yapalım mı bir canlı yayın youtube #Bitcoin
66,10_kartal_10,89,"Balıkesir, Türkiye","işletme iktisat fakültesi/
siyaset bilimi uluslararası ilişkiler/
araştırmacı yazar/
Ekonomist",0,0,False,2022-04-30 23:58:14+00:00,"#Bitcoin 
40 üstü durdukca sıkıntı yok
39 üstü dhdkskskjfjr
38 üstü durjjdsbdkldldty
37 üstü gjakshddksls
36 üstü fkflfanshsjshgsd
Hedef 1K🔥🔥🔥🔥"
67,satoshipasa,63,,Paylaşımlarımız kişisel görüş içermekte olup kesinlikle yatırım tavsiyesi değildir.,1,0,False,2022-04-30 23:58:08+00:00,Ayı gelecekse bile son bir yükseliş dalgası yaşayacağımızı düşünüyorum. #Bitcoin #kripto #Crypto #Binance
68,H0DLCrypt0,301,Earth,I trade fear and desire with love and passion,0,0,False,2022-04-30 23:58:08+00:00,Central African Republic adopts bitcoin as legal currency https://t.co/r3IPlGVIyj via @FRANCE24
69,KriptoTradeBot,1113,TradeBOT STRATEGIES,"| 📊 Yeni Nesil Algoritrik Teknik Analiz İndikatörü | Stratejist |  Yatırım Tavsiyesi İçermez |

#TradeBOTStrategies",0,0,False,2022-04-30 23:58:01+00:00,"#BTC

TradeBOT MEGA İndikatörü Analizi Oluşturdu. ⤵️

⚔️ Trende Değdiğinde Tepki Gelmesi Gerekiyor. Trend Altında Kapanışlar Sıkıntı Yaratabilir, İzliyoruz 🤔

#TradeBOT #Bitcoin #Ethereum #Metaverse #NFT #kriptopara #bist100 #AlgoTrade #DayTrade https://t.co/04D0e3xwkR"
70,ImHighOnCrypto,69,Earth,I'm so high on crypto!!! #crypto #blockchain 🚀🚀🚀🚀🚀🌕💪🏼,0,0,False,2022-04-30 23:58:00+00:00,How are you feeling the dip? #Bitcoin
71,HODLHayden,27506,Cows vs Aliens  👉,Web3 Consultant📈 | $ETH / $SOL | Turn 🔔 On For Daily Giveaways🎉 | DM For Promos💌 | Worked with @PrimatesNFT @GreatGoatsNFT,25,20,False,2022-04-30 23:58:00+00:00,"NFT Giveaway 🚀🚀

To enter 
- Follow @PeaceRebelsNFT &amp; @nftdude_ 👍
- RT @PeaceRebelsNFT &amp; @nftdude_  pin tweet (required) 
- Tag 2 friends ✅

#NFT #NFTGiveaway #Giweaway #NFTCollection #NFTGiveaways #NFTCommumity #BTC   #Bitcoin https://t.co/vZzy956xos"
72,chicas_agustin,308,"Newton, MA",Scientist-Cancer Biologist,0,0,False,2022-04-30 23:57:58+00:00,"@DaniaGonzalz @nayibbukele @AsambleaSV @BancadaCyan @CalebNNavarro @hectorsales11 @OscarGarciaSV_ Ahora trabaja para los Bitcoin bros, ya no para los salvadoreños"
73,MrRootz2,367,,Bitcoin only. There is no second best. Freedom. Comedy.,3,0,False,2022-04-30 23:57:54+00:00,Where can I download more #bitcoin for free? Price seems pretty good. Thinking about pirating a couple copies from napster
74,zephyrbreezy,184,Earth,"Doing everything in my power to retire and set up my kids future by investing in crypto. Also, an outdoor enthusiast with adventure on the mind. 🏔️ 🌊 🌴 🏜️",0,0,False,2022-04-30 23:57:51+00:00,Hold the line. #Bitcoin https://t.co/xuggM8v6Y6
75,PepeLewPew2,5,,,0,0,False,2022-04-30 23:57:44+00:00,"@HuesenRob @PrestonPysh @DocumentingBTC Bitcoins strength/value prop is in its network. Owning ALL the Bitcoin does make it useless, but it’s such a stupid question, that it changes the way i think about Warren (i.e. not as smart as people think he is). When ONE person owns ALL the bitcoin, then yeah, don’t buy it. FMD"
76,X3CI01ciqmjNmFV,48,فلسطين 🇵🇸,اللهم رضاگ والجنة 🤲💔,0,0,False,2022-04-30 23:57:43+00:00,@Bitcoin_K_S_A ❤️‍🔥❤️‍🔥ICP ❤️‍🔥❤️‍🔥
77,Aboghzal4,75016,,"مهتم بالعملات الرقمية
والتحليل الفني والزمني
.
.
حسابي عبارة عن تطبيق عملي لما تعلمته وليست نصائح إستثمارية 👍",0,1,False,2022-04-30 23:57:43+00:00,@1_inns @Bitcoin_K_S_A @hm52d بكل تأكيد الله يرزقنا وياهم 👌👌👌🔥
78,LivePriceCrypto,4082,,"I Tweet the latest #BTC/#ETH/#BNB/#MATIC price
Daily/Weekly Technical Indicators 
Data every minute. 
Live since 20/03/2022

@web3africa1",0,0,False,2022-04-30 23:57:40+00:00,"#Bitcoin Last Price $37670 #BTC 🚀
Daily Indicators:
-RSI: 37.5
-MA(20): 39887
-MA(50): 41959
-MA(200): 47343
-Bollinger B. lower/upper: 37927/41848

#Ethereum Last $2728 #ETH
-RSI: 36.6
-MA(20): 2973
-MA(50): 3049
-MA(200): 3461
-BB: 2774/3172

#Crypto #Live

53796"
79,CryptRo_,139,"San Diego, CA","Buy #Bitcoin
and 
#EndTheFed",0,0,False,2022-04-30 23:57:37+00:00,Welcome all new #Bitcoin maxis
80,Solsun8317,96,,"Join me playing Coin Hunt World!!! It's free to play! You get Crypto instead of nothing!!!! 

coinhunt.gsc.im/ZdHSsiKIZC",0,0,False,2022-04-30 23:57:34+00:00,"Solsun found #bitcoin in a User vault at this location! Join me playing #coinhuntworld, It's awesome! https://t.co/cBqTpM6WTG #cryptocurrency #107864 https://t.co/4BCuMMrV1K"
81,Hasham_amjad2,32,,Swing trading #bitcoin #dot #trading #investing,1,0,False,2022-04-30 23:57:33+00:00,"This sort of price action from #Bitcoin really is not interesting to many of investors. 

#Cryptos #Ethereum #cryptotrading"
82,bearbullmoney,200,,market psychology analysis | full time vagrant #bitcoin,1,1,False,2022-04-30 23:57:33+00:00,@Ormanc60610333 @AnalizciKurt Umut korkudan güçlüdür nede olsa 🤦🏻‍♂️🤷🏻‍♂️ en son ayı dediğinde bitcoin ath kırdı :D insanlar ya çok saf yada çok bilgisiz.. geçmiş olsun diyelim gerçekten Allah sabır versin https://t.co/HdFp2rP0OC
83,Doug47363977,15,,"Kindness, music, peace, justice, progress, pleasure, creativity, curiosity, knowledge, humility, communication, love",0,0,False,2022-04-30 23:57:30+00:00,Glamorous (Official Music Video) https://t.co/kbgOR8df4O via @YouTube #Bitcoin https://t.co/X8ZL7hzpgW
84,chonAndFams,3,,Learning and earning as I go 😊 sky's the limit ✨,0,0,False,2022-04-30 23:57:30+00:00,"@Jayecane Did I actually win if so I'd love it in the mac daddy bitcoin  lesssgooo 🥳

1KWJFDiBNXYMA6cTeji4SgsTY5wSPYqC9u"
85,bitcoinagile,66334,Matter Doesn't Matter,"Bitcoin, Blockchain & Beyond. #bitcoin #blockchain #ethereum #cryptocurrency #crypto #trading #TA $btc $ETH Sharing latest News is Not Financial Advice",3,2,False,2022-04-30 23:57:29+00:00,#bitcoin UPDATE #9 for BINANCEUS:BTCUSDT by Bitcoin100X- #BTCUSDT https://t.co/DXodDKw5PY https://t.co/2YzHJEzbW1
86,Macksmini,18,,,0,0,False,2022-04-30 23:57:28+00:00,Why Did An Anonymous Donor Give Alex Jones $1 Million in Bitcoin? ⁦@USATODAY⁩ ⁦@CNN⁩ Abuse of bankruptcy laws… certain debts should never be wiped away… his is one .. https://t.co/JGmVczA42U
87,YaJ67354121,74,,"UKRAINE SHALL NOT FALL!🇺🇦💪🏾 #GLORY2UKRAINE!

Practice, Patience and Persistence...
Repeat.",1,0,False,2022-04-30 23:57:27+00:00,@LyndonWest_ @JailynnRimbaud @DocumentingBTC It would indeed be a technological breakthrough if chip makers can make Bitcoin mining as easy as early days when you only needed a laptop.
88,btcnewsapp,742,,Stay on top of the latest Bitcoin & Cryptocurrency news from all the best sources delivered directly to your iPhone/iPad,1,0,False,2022-04-30 23:57:27+00:00,Why Roger Ver Believes Dogecoin Could Oust Bitcoin To Become The World’s Dominant Crypto - ZyCrypto via BTCnews for iOS https://t.co/8YXjwzRCow
89,TheRealSHA256,1046,Moon Station,"Web/Blockchain Dev #JS #DotNet #CSharp #Python B- T- C is the #GOAT of 🗽 #LateNightThoughts
On a cryptic journey #freeross",2,0,False,2022-04-30 23:57:27+00:00,"@Crypto_Sidekick And of course, Bitcoin just drops the second i tweeted that."
90,NeilMBornstein,29,,"Math teacher that lets you write essays

he/him/his",0,0,False,2022-04-30 23:57:27+00:00,"@MichaelEHayden @Chinchillazllla I don't know much about bitcoin. That's the one where every transaction is permanently and publicly recorded?

Asking for someone interested in hiding their money after being sued."
91,ZerakSahed,0,Iraq,,0,0,False,2022-04-30 23:57:24+00:00,What is Bitcoin and how does it work https://t.co/qtPntf53KP
92,Abdullah_02005,1459,I miss you 😮‍💨,I just need time 😮‍💨,0,0,False,2022-04-30 23:57:22+00:00,@1_inns @Aboghzal4 @Bitcoin_K_S_A @hm52d اللهم امين ♥️
93,riskandgrace,5953,Bank ,"African Guy Who Does Tech, Inspire People, Beautify Environment, Punts🏀 and Meditate.. Founded 4 Brands. @ChelseaFc🕊#wizkidFc🐐",0,0,False,2022-04-30 23:57:22+00:00,HAPPY NEW MONTHS #Bitcoin #MATIC #LUNA #AVAX #SOL #NEAR #LINK HOLDERS !!
94,BPOICRYPTO,26,UK,"Follow us for the latest Bitcoin updates, trading setups, news and education as we explore everything Crypto.  A trading community for like-minded people.",0,0,False,2022-04-30 23:57:21+00:00,"Bitcoin Dominance has been surging in the last 8 hours - Alt coins getting rekt.  

Watch your Alt positions if Bitcoin continues lower and Dominance moves higher.  Alts will get destroyed...

https://t.co/RGoQm5DuEi"
95,Bitcoin_is_,991,Pale Blue Dot,🔥 Why isn’t your space heater securing the property rights of billions of people? 🔥 I’m nowhere on your political axis.,0,0,False,2022-04-30 23:57:20+00:00,@pmarca You think even his stoicism could make it through Manhattan without cracking?
96,CrossCountryRAP,3075,USA,"Artist Management, Music Production & Distribution including Concert Organization, Management & Broadcasting.

Looking for Promotion & Distribution contact us.",0,0,False,2022-04-30 23:57:19+00:00,"The sixth installment of my trade journal features one of my best Bitcoin (BTC) swing trades ever, catching much of the 40% move that caught many traders off guard. 

Open your Crypto Account Now:
https://t.co/GhkcGdyjhc
#Markets https://t.co/g7PqKHRhrW"
97,esrarengizcizgi,136,,"Burada yer alan hiçbir bilgi yatırım tavsiyesi içermemektedir. Aktarılan verilerde kesinlik yoktur.

#bitcoin #bist #altın",0,0,False,2022-04-30 23:57:18+00:00,"#mana

Manausdt  11 Nisan tarihli analizim ve güncel durumu aşağıda 

Bir vatandaş bizimle dalga geçmişti fiyat 2.13 usdt iken.

Çokta bir şey kalmamış sanki? @bysimurg 

#btc #bitcoin #altcoin https://t.co/yi0zxeE5cX"
98,keet03crypto,23,,"#Xrp holder, husband, father, do your own research!",0,0,False,2022-04-30 23:57:17+00:00,@NCashOfficial At the rate we’re dipping.And Bitcoin crossing moving averages. Might want to lower those buys !
99,alsubaiei2021,5309,دولة الكويت,فشلت كثيرًا . ولكن لن أتوقف,0,0,False,2022-04-30 23:57:17+00:00,"#dent حصل ولا ماحصل 😎

#البتكوين #عملات_رقمية #Btc #Bitcoin https://t.co/LWQbQ3xNki"
