,user_name,user_followers,user_location,user_description,tweet_replies,tweet_retweets,user_verified,date,text
0,CryptoBlckParty,3550,"100% Not the USA, Metaplex ;-)","Building Back Together
Use Hardware Wallet VPN +Virtual Machine
Once y00tslisted
Nothing left 2 lose
Web3
$BTC
$BNB
$SOL
$ETH
AOS ArtPunks
Reddit: 6MMDollarMan",0,0,False,2022-11-29 23:59:56+00:00,"@ChartFuMonkey @phantom @ethereum @0xPolygon @MagicEden Excited to see more applications giving choice. 

2015 @ethereum became hyped on multi-chain future. Mined #Litecoin after #Bitcoin but was #Ethereum #DeFi that got me.

Got into @0xPolygon $MATIC Fall 2020-Summer 2021 &amp; still have many friends there.🤝

💜 L0 L1 &amp; L2 #Blockchain"
1,BitcoinJesC,462,New York,writer/producer @Dr_OrangePill #Bitcoin,4,1,False,2022-11-29 23:59:54+00:00,@Gemini “Trust Center” - this is hilarious - 2 weeks after you block withdrawals on your platform- 🤣
2,bitcoincountry1,135,"Scotland, United Kingdom","Bitcoin news and analysis of the crypto market.

Ex-banker turned freedom fighter 💪

Bitcoin = freedom. Fiat = control

#Bitcoin #ADA",0,0,False,2022-11-29 23:59:53+00:00,"Price action could dip to $9k where there's solid support and up to $20k. Don't think we will see a breakout until Q4 2023 or early 2024.

Next bull run in theory should be mid 2024 but that also depends on the macro environment."
3,BTCHabercom,60246,Türkiye,"BTCHaber; blokzincirin ve kripto paraların, geleceği nasıl değiştireceğini bugünden aktarıyor.",0,0,False,2022-11-29 23:59:53+00:00,"Miami belediye başkanı Francis Suarez, bir yıldan uzun bir süredir maaşını #Bitcoin olarak alıyor. 

https://t.co/89ixxbDST3"
4,GORT1Z,427,United States,“they first hated Jesus so follow me as I follow Christ ” 🤝#Romans818 #Psalm13 #1Peter510 #Psalm91 #ANSWERTheCall #SeekGREATNESS #FulfillThePROPHECY,0,0,False,2022-11-29 23:59:52+00:00,🤣🤣🤣🤣🤣🤣🤣 das @EmperorBTC  girl pimp stay woke ehhhhhh https://t.co/2xdWDYLjcP
5,Bitcoin_ish,34,,"#Bitcoin #Ethereum #TA,
#Crypto Player:Q1_2018. 💜 Crypto, ❤️ people, 💙 the world. 🤍🤍🤍",0,0,False,2022-11-29 23:59:50+00:00,@JoeBiden I support Elon Musk!
6,EdCash_Token,22,"São Paulo, Brasil",#EdCash (EDCS) is an #Educational #Token to be used on #Educational #Benefits and #Loyalty #Programs. #Crypto #Bitcoin #Tokenization #Blockchain,0,1,False,2022-11-29 23:59:48+00:00,"Historic! 🇧🇷 Brazil approves law on #Bitcoin and #cryptocurrencies

https://t.co/CDlCenLyxo"
7,Macronaut_,2304,"Mesa, AZ",#bitcoin dad humor: Where does The Fed store their US dollars? In debasement. twitter.com/Macronaut_/sta…,0,1,False,2022-11-29 23:59:45+00:00,@jimcramer #bitcoin going up!!! Yey thank you #inversecramer!
8,_morphilibrium,122,UK,"Entrepreneur, investor, pro gambler and bullshit detector
#BTC",0,0,False,2022-11-29 23:59:45+00:00,Hodling bitcoin is hard at times like now because everyone seems to think we're bottoming. I'm thinking we're not. But I'm not prepared to risk being wrong knowing a god candle could happen at any moment up or down
9,Crypto_canarias,327,,"Comunidad #Bitcoin 'er 🔗 en Canarias.
P2P 🤝, Educación, Economía, Tecnología, Privacidad, Seguridad, Ciberespacio y Libertad🕳️🐇

⚡utxoscanarias@getalby.com",0,0,False,2022-11-29 23:59:45+00:00,"#Bitcoin fomenta el comercio local y la economía circular.
Fácil, rápido, 24/7 todo el año, sin intermediarios, inconfiscable y descentralizado.
Y tú, sigues usando tu vieja Visa? https://t.co/MWsyENVLaH"
10,bitcoinschweiz,3809,"Zurich, Switzerland","Bitcoin, Blockchain, Startups | News and Community",0,1,False,2022-11-29 23:59:44+00:00,"US-Eliteuni: Zentralbanken sollen Bitcoin kaufen

https://t.co/NJXDuDydbj #bitcoin #bitcoinnews"
11,enjoythejourn16,242,,Retired Financial Advisor now a part time money coach. Escaped from the hamster wheel to start enjoying the journey. The journey is life! #bitcoin,0,0,False,2022-11-29 23:59:43+00:00,"@ripkeniv @BitcoinIsSaving @Fidelity Plus, fidelity is limiting the amount you can put into bitcoin inside 401k’s.  I don’t know if many companies that are even allowing it as an investment option at this time.  It also doesn’t change the not your keys not your coin.  That’s why ira’s with cold storage are best."
12,wayne_culbreth,1066,localhost:8080,Building @ web3 + food. nutrios.co,0,0,False,2022-11-29 23:59:43+00:00,@ViliLe Unclear how much time is left on that fuse. Some of the big Bitcoin miners already teetering on bankruptcy. https://t.co/KIGX2VFYPe
13,KvbBdb7kigiT60H,165,,Thank you for everything. 今日もすべてのことに感謝 Action .Do your best and wait for destiny. You are the star of the theater of life.You have to produce it .,0,0,False,2022-11-29 23:59:42+00:00,"@m_o_N_iIi Bitcoin で、お願いします。
ありがとうございました。"
14,Cryptocouporg,143,United States,Helping crypto investors get the latest news that matters to them.,0,0,False,2022-11-29 23:59:38+00:00,"https://t.co/vpQHsujaUK
‘I never opened the code for FTX’:  SBF has long, candid talk with vlogger
#crypto #bitcoin #eth #nft #nftcommunity #nftgiveaway"
15,RixxTech,426,Def City,"Rixx is a free-to-use cryptocurrency market analysis application that offers data, analysis, insights and trading tools.",1,0,False,2022-11-29 23:59:31+00:00,4 hour top movers report #blockchain #crypto #cryptocurrency #kripto #kriptopara #trading #rixx #binance #bnb #bitcoin #btc #ethereum #eth https://t.co/JQM4HYoS1u
16,Cryptocouporg,143,United States,Helping crypto investors get the latest news that matters to them.,0,0,False,2022-11-29 23:59:28+00:00,"https://t.co/f1qYk0E8dJ
US lawmaker questions major crypto exchanges on consumer protection amid FTX collapse
#crypto #bitcoin #eth #nft #nftcommunity #nftgiveaway"
17,WorldCoinIndex,12778,,Cryptocurrency index | prices | 24hr volume | market cap | exchanges | news | api,0,0,False,2022-11-29 23:59:28+00:00,Bitcoin price index https://t.co/o7UcHJUhC6 #USD #EUR #CNY #GBP #RUB https://t.co/EIjuyxr43b
18,isaacquest_,2501,,#Bitcoin,3,2,False,2022-11-29 23:59:25+00:00,"Wake up Neo,
#Bitcoin is a global store of value https://t.co/JJ9sz5Gvkj"
19,Archangel_800,127,,#BNB #Bitcoin #Cosmos #Aptos,0,1,False,2022-11-29 23:59:24+00:00,No one knows where bitcoin will go tbh https://t.co/13lsfr5nFw
20,BitcoinNewsPost,227,,Top #Bitcoin And #Cryptocurrency News from the world's most trusted sources. Follow us for the latest updates. #bitcoinnews,0,0,False,2022-11-29 23:59:19+00:00,BIS analysis reveals unequal CBDC uptake in Africa #Bitcoin #News https://t.co/VYYCMSEFn4 #blockchainnews
21,BNB_Tracker,328,,#BNB #BNBTracker #BinanceCoin #Binance,0,0,False,2022-11-29 23:59:17+00:00,"#BinanceCoin price update: $BNB

#BNB $295.2 USD

#Bitcoin 0.01795 BTC

#Ethereum 0.24263 ETH

#altcoin #crypto #cryptocurrency

Follow for recent BNB price updates"
22,PacaTechnology,233,Barquisimeto,"📈 Trader #BTC #Crypto
📊 Trading Exchange bit.ly/RegistroBingX
🎥 Youtuber 🔝+1.4K Suscriptores
🪙 Emprendimiento - Negocios Digitales
🧑‍💻 Diseñador",0,0,False,2022-11-29 23:59:16+00:00,"Breve Explicación sobre BingX Exchange

https://t.co/7k5t6U9QNv

#BingX #forex #Crypto #Bitcoin #Ethereum #SP500 #trading #gridtrading #copytrading #bottrading"
23,vivalabolsa,18115,HURLINGHAM-ARGENTINA,"Abogado*45 años de bolsa:operador asiduo de opciones*bonos  Bolsa de  Bs As
Defensa del inversor minoritario.
Me gusta religion,musica y ciencias en general.",1,0,False,2022-11-29 23:59:16+00:00,"@Evilsitoo los 18000  pasaron a la historia?
AL30 el nuevo  BITCOIN reemplazará todas las monedas FIAT!!jaja"
24,Cryptocouporg,143,United States,Helping crypto investors get the latest news that matters to them.,0,0,False,2022-11-29 23:59:16+00:00,"https://t.co/fIaxuGFJE2
Bitcoin Price Prediction for Today, November 29: BTC/USD Ready for Another Leg Higher Above $16,500
#crypto #bitcoin #eth #nft #nftcommunity #nftgiveaway"
25,ChartingBot,403,Bitcoin,Crypto analysis for free. Developed by @GapInvestor,0,0,False,2022-11-29 23:59:15+00:00,"📈Analysis November 29th📈

The current price of #Bitcoin is 16441.44$ (⬆1.42%), and its dominance is 31.65%. 

The market sentiment is at 26 points [🔴Fear]. 

Total crypto market cap is 💰995.67 million $💰 approx. https://t.co/cVS9kJvoce"
26,BTCoPriceTicker,55,,Tweets the current price of #bitcoin every 5 minutes,1,0,False,2022-11-29 23:59:14+00:00,"1₿ = $16447.76 1.39%📈

Details:
Change: 📈225.26$
24H Low = $16157.9🔻
24H High = $16541.11💹

#bitcoin #btc"
27,Fernpick,297,CANADA,⬆️Family   ⬆️Friends   ⬆️Things that matter   ⏩ RT ❌endorsement.,0,0,False,2022-11-29 23:59:12+00:00,"@ndaxio Better question:

Which of these companies keeps the Bitcoin they receive as payments. 

I guessing none as they probably sell it almost immediately"
28,Cryptocouporg,143,United States,Helping crypto investors get the latest news that matters to them.,0,0,False,2022-11-29 23:59:11+00:00,"https://t.co/MCwW45ueWm
Crypto Exchange Bitfront Shuts Down Amid Industry Challenges
#crypto #bitcoin #eth #nft #nftcommunity #nftgiveaway"
29,0xEthereumYoda,419,,"UP or DOWN...
.
.
.
.
Price matters NOT.",0,0,False,2022-11-29 23:59:10+00:00,"#Ethereum price update: 

#ETH $1216.55 USD
#Bitcoin 0.07400375812928135 #BTC

Follow for recent ETH price updates
#altcoin, #cryptocurrency, #crypto"
30,Cryptocouporg,143,United States,Helping crypto investors get the latest news that matters to them.,0,0,False,2022-11-29 23:59:06+00:00,"https://t.co/IudEEzfzNp
The World’s Largest NFT Marketplace Opensea Adds BNB Blockchain Support
#crypto #bitcoin #eth #nft #nftcommunity #nftgiveaway"
31,HPeekpower,137,UK,"Investor in 3 Unicorns in last 10 years, with potentially another 2-3 more in the making, Technician, Investor and all round idiot.",0,0,False,2022-11-29 23:59:06+00:00,Bitcoin Appears Primed For A Super Bullish Turnaround As The FTX Debacle Settles https://t.co/MduGk3mNHT via @ZyCrypto
32,Insolentrobot,75,The Storm,"Simple plan = Only Bitcoin, Non KYC, Only cold storage.

One God, One Coin.

Twitter Banned Wars retread.",0,0,False,2022-11-29 23:59:05+00:00,@Pledditor I usually keep a trivial amount of Bitcoin at Strike but I decided to throw it in my muum wallet till this all blows over.   Rest is in cold storage.
33,merkez3450,0,,Obsesif Trabzonsporlu🦾,0,0,False,2022-11-29 23:59:04+00:00,Başlığı görünce #Bitcoin boğasını arayan bi benmiyim?
34,BitMB_pt,122,"Lisbon, Portugal","BitMB - A plataforma para trocar euros e bitcoins de forma simples, rápida e segura!!",0,0,False,2022-11-29 23:59:02+00:00,"1 bitcoin a fechar o dia nos 15916.21€!
Com uma média diaria de 15841.03€ (⬆️ 1.53% em relação ao dia anterior)"
35,QuotesSaylor,184,,Follow for daily @saylor #Bitcoin nuggets.,0,1,False,2022-11-29 23:59:02+00:00,"""Laser eyes signal intent to make #bitcoin an instrument of economic empowerment. 🌍""
-@saylor"
36,Cryptocouporg,143,United States,Helping crypto investors get the latest news that matters to them.,0,0,False,2022-11-29 23:59:01+00:00,"https://t.co/00KNlvU7X8
President of Bank of Brazil Shows ‘Open Finance’ Digital Real Concept Featuring Stablecoin Integration and Payments Functionality
#crypto #bitcoin #eth #nft #nftcommunity #nftgiveaway"
37,bitcoincandle,38,Brazil,"Robot that posts the closure of the bitcoin daily candle, written by @coinsamba",0,0,False,2022-11-29 23:59:00+00:00,"Candle of day 29/11/2022 closed.

Open: $ 16,206.65
High: $ 16,518.48
Low: $ 16,114.90
Close: $ 16,428.09

Change: +1.35%

#Bitcoin #Candle #BullMarket"
38,bradenpauly,223,Northwest Indiana,"Ironworker | Libertarian | DeFi Analyst | #Bitcoin | Note Taker | FOSS | Chicago Bears | 

I'm not your enemy.",3,0,False,2022-11-29 23:58:57+00:00,"@Shinji3rd2000 @DocumentingBTC This exists with Stacks on Bitcoin.  sBTC white paper coming out in the next 60 days or so that will detail changes and give proper defi, NFT, etc. Smart contracts most certainly exist, though.

@Stacks"
39,Cryptocouporg,143,United States,Helping crypto investors get the latest news that matters to them.,0,0,False,2022-11-29 23:58:56+00:00,"https://t.co/LTx0Yhc3Go
Bitcoin․com Announces Strategic Partnership with Poly Network
#crypto #bitcoin #eth #nft #nftcommunity #nftgiveaway"
40,cryptobabykalel,28,,Soy Kalel Cryptobaby | seré el indicador del mercado alcista cuando nazca| me gusta bitcoin | las criptos | starwars y dragón ball 🚀 | hijo de @enriquecripto,1,0,False,2022-11-29 23:58:55+00:00,"Miren lo que me llego de Amazon hoy, me encanto ¿tienen algún funko? #funko #bitcoin #kalel #superman https://t.co/FegXcu6hRE"
41,timbo_eth,7106,//timbo.btc | pain educates.,𝚕𝚒𝚏𝚎𝚕𝚘𝚗𝚐 𝚕𝚎𝚊𝚛𝚗𝚎𝚛 • 𝚒𝚗𝚟𝚎𝚜𝚝𝚘𝚛 • 𝚏𝚞𝚝𝚞𝚛𝚎 𝚛𝚎𝚝𝚒𝚛𝚎𝚎,2,0,False,2022-11-29 23:58:52+00:00,"@nikolasatsla @bradmillscan is it cold storage bitcoin or something different? 

I love the encouragement to stack, but simply want to understand it as should anyone stacking."
42,Doggonenation,239,Ontario ,"Hard working appreciate discussion and debate, tired of people who expect society to support them and not contribute. Views are my own",0,0,False,2022-11-29 23:58:43+00:00,@rexglacer Hey @MarkGerretsen let’s move on from your @PierrePoilievre bitcoin statements and let’s talk about this. How is the Liberals going to fix this…raise interest rates?
43,brbiereloadedd,58,my empire,@brbiewrldd got s worded. || IM BACK 🤣,1,0,False,2022-11-29 23:58:42+00:00,"can someone help me my bitcoin account was hacked like-

https://t.co/K0D3fhNgl4"
44,RbrtCrls,281,El Salvador,"Solo los leo y ya.

Troll Ad Honorem.",0,0,False,2022-11-29 23:58:41+00:00,Pero que clase de bitcoin es este? https://t.co/5CPyhmJlCj
45,Pygoz,1531,Bybit,#Crypto Bull | Me & my crypto journey | We're on a moon mission together🚀,0,0,False,2022-11-29 23:58:37+00:00,"#Bitcoin is the new Gold 🥇
$KAS is the new Silver 🥈"
46,jeonghalim8,4,,Crypto letters,0,0,False,2022-11-29 23:58:36+00:00,"Bitcoin’s Mining Difficulty Expected to Drop Significantly, Retarget Could Be 2022’s Largest Reduction – Mining Bitcoin News https://t.co/MUFoXtYGZQ"
47,brbiereloadedd,58,my empire,@brbiewrldd got s worded. || IM BACK 🤣,0,0,False,2022-11-29 23:58:35+00:00,"can someone help me my bitcoin account was hacked lolz

https://t.co/K0D3fi5pzc"
48,iZEDION,215,Vancouver / Shanghai,#Musician @ ZEDION | #Bitcoiner @ IONIZED,0,0,False,2022-11-29 23:58:34+00:00,"@scottmelker Bitcoin Will, just wait"
49,Elephant1nroom,37,,"Not your keys, not your coins.
There is only BTC if it falls all crypto goes 0.
On another note:
Transparency is key. For everything.
#btc maxi 
privacy matters",1,0,False,2022-11-29 23:58:29+00:00,"Who can share some resources for me to achieve https://t.co/pwQ5wJLuzH level 3 without using internet (on 2 cold laptops) and only bitcoin core. My plan:
Node.
2 cold laptops (linux from cd and security updates from cd).
Bitcoin core only.
Multisig 3/7
#btc
#maximumsecurity"
50,brbiereloadedd,58,my empire,@brbiewrldd got s worded. || IM BACK 🤣,0,0,False,2022-11-29 23:58:29+00:00,"can someone help me my bitcoin account was hacked plssss

https://t.co/K0D3fi5pzc"
51,brbiereloadedd,58,my empire,@brbiewrldd got s worded. || IM BACK 🤣,1,0,False,2022-11-29 23:58:24+00:00,"can someone help me my bitcoin account was hacked pls

https://t.co/K0D3fi5pzc"
52,Swish5wisher,32,Your mom's hot wallet,#Bitcoin class of 2020 - Freedom junkie,0,0,False,2022-11-29 23:58:22+00:00,@knutsvanholm #Bitcoin is opt-in; everyone gets it at the price they deserve.
53,Christiian_lol,5,,,0,0,False,2022-11-29 23:58:22+00:00,"@elonmusk @elonmusk @BillyM2k @cz_binance
A friend asked me - Do you believe in ""Bitcoin"" cryptography? I replied - No, I believe in Elon. He said - I'm talking about virtual currency. I replied - I'm talking about Mars!"
54,LohiaArth,948,Neraka,Nft and Crypto Enthusiast.,0,0,False,2022-11-29 23:58:19+00:00,"We are not going to 0

#BITCOIN"
55,Dr_Moonshow,231,,"₿ Research so you don't have to
Doing this since 2019
Not financial advice plz D.Y.O.R
Research | On-chain | Data | News 
#Bitcoin bringing people together 🟠",0,0,False,2022-11-29 23:58:19+00:00,"Fear and Greed index - Extreme Fear 26
#Bitcoin   Price: $16,425
$BTC #Crypto #cryptocurrency #BTCUSD #BTC https://t.co/n63N9ZdRtj"
56,Tranloc30,17,,Smart Invest,1,0,False,2022-11-29 23:58:18+00:00,@Jopwell @davidmaggard @D02eng71 @KurtisDGoff @Himansh17962228 @LeviBrennan @Yolanda17249814 @Trickster_nyc @Mmokeng87398712 @RasterToP4iK @rob_stemp @fatihsoydan @hln93x @hanyatitipan_22 I can buy Tesla buy Bitcoin From Vietnam? How? Who can handle this deal? I want to show real thing with Tesla
57,cmkennedy97,1111,"Mcalester, Ok","God fearing. Awakened. Love Nature, Bitcoin, XMR, Cannabis & My Family. insta:chase__kennedy snap:chase_kennedy97 . I follow back :) NSU ΠΚΑ.🇺🇸GoPokes",0,0,False,2022-11-29 23:58:16+00:00,"@Canadian4Crypto @FelasC @jack @DylanLeClair_ good time to buy low, if anyone knew it was legit/safe. 
Bitcoin is king 👑"
58,Meta2140_Polska,266,,"GALERIA 
spatial.io/s/Meta2140-POL…
.
TELEGRAM: t.me/Meta2140Polska
.
@Meta2140English @Meta2140Espanol",0,0,False,2022-11-29 23:58:15+00:00,"🇵🇱  Sam Bankman-Fried udziałowcem Twitter?
#BTC #BITCOIN #ETHERPOLSKA #ETHEREUMPOLSKA #POLSKA #KRYPTO #NFT #WEB3 #NFTPOLSKA
https://t.co/dA1CENZfkQ"
59,0x_anwar,118,,,0,0,False,2022-11-29 23:58:14+00:00,BREAKING: 🇧🇷 Brazilian lawmakers approve bill regulating use of #Bitcoin and #crypto as payment 🙌 https://t.co/sCKrH9XwtK
60,0xEthereumYoda,419,,"UP or DOWN...
.
.
.
.
Price matters NOT.",0,0,False,2022-11-29 23:58:09+00:00,"#Ethereum price update: 

#ETH $1216.09 USD
#Bitcoin 0.07399720218786718 #BTC

Follow for recent ETH price updates
#altcoin, #cryptocurrency, #crypto"
61,bitcoincountry1,135,"Scotland, United Kingdom","Bitcoin news and analysis of the crypto market.

Ex-banker turned freedom fighter 💪

Bitcoin = freedom. Fiat = control

#Bitcoin #ADA",0,1,False,2022-11-29 23:58:08+00:00,"When #Bitcoin was at $60k+ I was inundated with messages from family and friends.

At $16k nobody asks.  😂

When they fomo back in, I will be cashing out some serious gains!

Now is the time to accumulate.

Buy the fear, sell the greed. 

Go against the grain.

#Crypto #BTC"
62,E_moonwatcher,1203,,Bitcoin Maximalist.,3,0,False,2022-11-29 23:58:05+00:00,"Idea de negocios: Una pastilla que te haga olvidar todo lo relacionado a #BITCOIN  y te convierta en un normie irresponsable de baja preferencia temporal durante una semana, eso sí con un timelock para que no puedas tocar tu BTC hasta recuperar la razón."
63,Crypto_AliErmis,909,,"CRYPTOAliErmis

🔗twitter.com/Kol_Creator_Al…
🔗t.me/+oIZw6qZFCUtlM…",1,0,False,2022-11-29 23:58:04+00:00,"Altcoinlerin burada küçük bir koşusu olacaksa #bitcoin'in sabit olması yüzünden olur, hepsi topluca yükselir."
64,karlalb46493042,0,,,0,0,False,2022-11-29 23:58:02+00:00,"This zesty faucet from @_bitcoiner is making me tweet this to claim my free Lightning sats. ⚡

@boltcoiner unlock me 3c82e56b-44ba-43ec-b49f-1f1972a5bd75

#Bitcoin #BTC #LN #LightningNetwork #boltcoiner
https://t.co/COgFM9JvBY"
65,jaybny,2553,"Berkeley, CA","Bitcoin 2010 og. bloomberg, fortress, proof-of-skill. 
Building Sidepit Bitcoin exchange with front-running resistance @protoblock",2,0,False,2022-11-29 23:58:01+00:00,"@ElSalvadorVisas nah. been saying this since 2010. one merchant pricing in bitcoin as unit-of-account, is more adoption than 100 countries adopting usd over lighting. 

don't worry, it'll come to you eventually"
66,Cryptonoobzzzz,589,CEO of being unemployed 🇫🇷,"Je ne perds pas, j'apprends 🙏. 02/21 OG✊
Single dad 🍼, investisseur, holder amateur
$BTC $ETH $BNB $ZIL $SOL",0,0,False,2022-11-29 23:58:01+00:00,"Et pour finir j'ai ouvert une #MB6 et  tada full luck avec ma 2ème lvl3 depuis 10 jours ! Ça tombe bien !
#cryptomonnaie #cryptocurrency #cryptotwitter #cryptomarket #CryptoNews #btc #Bitcoin #Crypto #cryptocommunity #Move2Earn #MoveToEarn #gmt #gst #sol #nft https://t.co/CDSxviV8s5"
67,mirojurcevic,463,"Sydney, Australia","Studies @Sydney_Uni ... Cogitátio Scientiam, Researcher, Sustainable living, Open Source",1,0,False,2022-11-29 23:58:01+00:00,"@Matej39668909 @CedYoungelman There are too many people playing the advertising + price pump strategy. Price manipulation is not restricted in Bitcoin.

For someone who has access to a few billion dollars, they can spam the world market and easily recover the money spent. Bull(shitter)s will be buying now"
68,brbiereloadedd,58,my empire,@brbiewrldd got s worded. || IM BACK 🤣,0,0,False,2022-11-29 23:57:59+00:00,"can someone help me my bitcoin account was hacked lol

https://t.co/K0D3fi5pzc"
69,Cryptonoobzzzz,589,CEO of being unemployed 🇫🇷,"Je ne perds pas, j'apprends 🙏. 02/21 OG✊
Single dad 🍼, investisseur, holder amateur
$BTC $ETH $BNB $ZIL $SOL",1,0,False,2022-11-29 23:57:58+00:00,"Pour mémoire payées 21 et 11.3 $SOL, l'idée c'est de choper ma #MB6 avec le minimum d'énergie (11/12) et d'enchaîner avec gains optimisés en $GMT.
#cryptomonnaie #cryptocurrency #cryptotwitter #cryptomarket #CryptoNews #btc #Bitcoin #Crypto #Move2Earn #MoveToEarn #nft https://t.co/qpXhZ4Qlif"
70,uncutsnet,56,"Toronto, Ontario",News Uncut!,0,0,False,2022-11-29 23:57:58+00:00,Challenges Of Bitcoin Adoption El Salvador – Bitcoin Magazine https://t.co/QI0QwGKFOk
71,mikeross452,170,,Data Analyst,0,1,False,2022-11-29 23:57:57+00:00,"The collapse of the crypto exchange FTX is causing a historic event in the Bitcoin market. Yesterday, on-chain data signaled the second wave of a Bitcoin miner capitulation in one cycle. Historically, miners have had a massive impact on the BTC price."
72,michailbrynard,232,,Co-founder at @RehiveHQ,1,0,False,2022-11-29 23:57:57+00:00,"@raulonastool But in the Bitcoin world, unlike the Ethereum world, address re-use is considered bad practice. There’s a discussion of why on the bitcoin wiki: https://t.co/3TdOVduNNN"
73,Cryptonoobzzzz,589,CEO of being unemployed 🇫🇷,"Je ne perds pas, j'apprends 🙏. 02/21 OG✊
Single dad 🍼, investisseur, holder amateur
$BTC $ETH $BNB $ZIL $SOL",1,0,False,2022-11-29 23:57:53+00:00,"Et comme j'ai acheté du $SOL bradé, tant qu'à faire j'ai pris une autre paire spécialisée, la stratégie que j'aurais du faire dès le début.
Full luck à monter, déjà +2 lvl.
#cryptomonnaie #cryptocurrency #cryptotwitter #CryptoNews #btc #Bitcoin #Crypto #Move2Earn #MoveToEarn #nft https://t.co/4vGmnaCbLi"
74,JavierSanz,23758,Madrid,CEO del Grupo @ADSLZone @BolsaZone / Ciberseguridad y RRSS / JaviZone en Instagram - Mis tweets NO son recomendaciones de inversión. 🙏 adslzone@gmail.com,1,1,True,2022-11-29 23:57:52+00:00,Capitulación Minera next cisne negro para #Bitcoin Castaña a punto de producirse https://t.co/Z2a0NNNJ1d
75,CheckYoSelf614,42,,,0,0,False,2022-11-29 23:57:48+00:00,@DKThomp @krystalball No one was stopping ANY race from buying Bitcoin. This is all personal choice. Can't believe this needs to be explained!
76,Cryptonoobzzzz,589,CEO of being unemployed 🇫🇷,"Je ne perds pas, j'apprends 🙏. 02/21 OG✊
Single dad 🍼, investisseur, holder amateur
$BTC $ETH $BNB $ZIL $SOL",1,0,False,2022-11-29 23:57:48+00:00,"Puis news j'ai craqué pour des full confort niveau 30 pour optimiser mes runs au maximum.
#cryptomonnaie #cryptocurrency #cryptotwitter #cryptomarket #CryptoNews #btc #Bitcoin #Crypto #cryptocommunity #Move2Earn #MoveToEarn #gmt #gst #sol #nft $gmt https://t.co/mDHVLhbtMK"
77,BCNFTS,18,"Black Earth, WI",The BILLIONAIRE CLUB ONLY FOR RICH PEOPLE POORS STAYS AWAY! #BITCOIN #ETH #NFT #NFTS $LUNA,0,0,False,2022-11-29 23:57:46+00:00,"DocumentingBTC: #Bitcoin is the fastest, cheapest, and easiest way to send money.

https://t.co/UjGS5AUnJy"
78,Cryptonoobzzzz,589,CEO of being unemployed 🇫🇷,"Je ne perds pas, j'apprends 🙏. 02/21 OG✊
Single dad 🍼, investisseur, holder amateur
$BTC $ETH $BNB $ZIL $SOL",2,0,False,2022-11-29 23:57:41+00:00,"#STEPN J176 Hier 125% j'ai quasi atteint la limite des 300 $GST, j'ai fait 300/300 et j'ai basculé sur $GMT pour pas faire zéro avec les 11⚡restantes, y a du nouveau😁👇
#cryptomonnaie #cryptocurrency #cryptotwitter #CryptoNews #btc #Bitcoin #Crypto #Move2Earn #MoveToEarn #nft https://t.co/mGlq9Yjx4h"
79,comentador71,69,Brasil,,0,0,False,2022-11-29 23:57:33+00:00,@brpaolinelli @BrazilJournal E o Bitcoin?
80,boop_39,531,,I have 2 weeks to raise $8b ⚡️0xdeab024c73f2dceb@ln.tips ⚡️decayedcollar07@walletofsatoshi.com,1,0,False,2022-11-29 23:57:31+00:00,"@Pledditor So how do other Bitcoin exchanges/brokers do it? Is Cash App holding its own inventory, or do they use someone else too?"
81,Rameshdas_,9725,INDIA,"🙏Cryptoinvestor🙏Cryptocurrency🙏Blockchain🙏Decentralization🙏

                         🙏Bitcoin❤️ethereum❤️Litecoin🙏",0,0,False,2022-11-29 23:57:31+00:00,#VEHRON #ICO #CRYPTO #BITCOIN https://t.co/zHWbwNQQGP
82,smallw3bs,1262,"New York, NY",nothing real // only fantasy,0,0,False,2022-11-29 23:57:31+00:00,@yalilearth my venmo is all fucked :( could u send it as bitcoin?
83,mata_fisika,22,,,0,0,False,2022-11-29 23:57:29+00:00,Beyond Bitcoin: Investors Now Own Multiple Types of Crypto https://t.co/Du5ylJoeGs
84,btcnewsapp,742,,Stay on top of the latest Bitcoin & Cryptocurrency news from all the best sources delivered directly to your iPhone/iPad,0,0,False,2022-11-29 23:57:28+00:00,"Fidelity Shrugs Off Crypto Winter, Opens Bitcoin Trading Service for Retail Investors - ZyCrypto via BTCnews for iOS https://t.co/Bchq0yKrSc"
85,ZachWinnerCRE,100,ProsperityCRE.com,"Founder: Cornerstone Investments, Co-Founder Prosperity CRE - Real Estate & Digital Asset Manager for Family Offices and HNW Individuals   #cashflow #bitcoin",1,0,False,2022-11-29 23:57:20+00:00,"Mainstream adoption of #Bitcoin continues. 
The Latest: Fidelity Begins Opening Retail Bitcoin Trading Accounts https://t.co/KmhC5cfvfC #BTC 💎🙌"
86,xjrsimx,18,,"CanadianJeff  MA Economics, UVIC and UBC",0,0,False,2022-11-29 23:57:18+00:00,@CraigCaruso @moneywithkatie A Ramsey coach with #bitcoin on your profile?  hmm  that doesn't smell right at all
87,BNB_Tracker,328,,#BNB #BNBTracker #BinanceCoin #Binance,0,0,False,2022-11-29 23:57:16+00:00,"#BinanceCoin price update: $BNB

#BNB $295.26 USD

#Bitcoin 0.01797 BTC

#Ethereum 0.24279 ETH

#altcoin #crypto #cryptocurrency

Follow for recent BNB price updates"
88,0xEthereumYoda,419,,"UP or DOWN...
.
.
.
.
Price matters NOT.",0,0,False,2022-11-29 23:57:08+00:00,"#Ethereum price update: 

#ETH $1217.49 USD
#Bitcoin 0.07401202 #BTC

Follow for recent ETH price updates
#altcoin, #cryptocurrency, #crypto"
89,satsamgrandslam,918,Sat Sam's Grand Slam Speakeasy,"#Bitcoin ONLY |
Darkly Tetrarded |
Financially illiterate psychopath | Monetary counter-terrorist",0,0,False,2022-11-29 23:57:07+00:00,@bitcoin_collect @TheGuySwann 30k sats
90,brbiereloadedd,58,my empire,@brbiewrldd got s worded. || IM BACK 🤣,1,0,False,2022-11-29 23:57:00+00:00,"can someone help me my bitcoin account was hacked.

https://t.co/K0D3fhNgl4"
91,timbo_eth,7106,//timbo.btc | pain educates.,𝚕𝚒𝚏𝚎𝚕𝚘𝚗𝚐 𝚕𝚎𝚊𝚛𝚗𝚎𝚛 • 𝚒𝚗𝚟𝚎𝚜𝚝𝚘𝚛 • 𝚏𝚞𝚝𝚞𝚛𝚎 𝚛𝚎𝚝𝚒𝚛𝚎𝚎,2,0,False,2022-11-29 23:56:58+00:00,"@derekmross @bradmillscan that doesn’t quite answer what stackchain is.. can you elaborate on how it’s cold storage bitcoin or isn’t it? 

I hold my bitcoin on a multisig.
..daily strike buys are moved weekly to it.
@strike has no fees so I’m trying to understand why stackchain?"
92,wildottir,637,,"Insider

As within, so without. 

Something like that.",1,0,False,2022-11-29 23:56:57+00:00,"Also interesting, had to get fingerprinted at a local r.c.m.p. detachment (for a job), noticed a poster in the little lobby ""The Canadian Government does NOT own any bitcoin"" with red all over it. And I thot:

So... the gov has some BTC do they? Master Projectionists they are. 😎"
93,PreacherBTC,1587,Gone to Texas ,"#bitcoin

This is the dawn of a new era, and you can still get ahead of the wave and enjoy one hell of a ride. Hop on board 🤙 🏄🏻‍♂️",0,0,False,2022-11-29 23:56:52+00:00,"@GRDecter Obviously, his money is all in stolen Bitcoin."
94,Alexander_C332,157,,The age of traditional currency is soon changing. #crypto is the next evolution for all...,0,0,False,2022-11-29 23:56:50+00:00,"Despite the market's ongoing fear, the leading cryptocurrency, Bitcoin, is rebounding above the psychological level of $16,000 on November 29. Similarly, Ethereum, the second-most valuable cryptocurrency, is rising after gaining support near the $1,150 level."
95,brbiereloadedd,58,my empire,@brbiewrldd got s worded. || IM BACK 🤣,1,0,False,2022-11-29 23:56:48+00:00,"can someone help me my bitcoin account was hacked?!?!

https://t.co/K0D3fi5pzc"
96,jiahui68785822,34,,,0,0,False,2022-11-29 23:56:44+00:00,"The Tidex crypto exchange team announced their launchpad and metaverse . If you had bought bitcoin ten years ago, today you could’ve expected an astronomical return of over a million percent. Investments in cryptocurrencies, including bitcoin, are attracting more and mo"
97,MKevolution555,1016,VENEZUELA,"04265173364-63 -02129768848 Soluciones tecnologicas para hogar, retail, hospitalidad, gobierno!",0,0,False,2022-11-29 23:56:44+00:00,@JackGarzonr Bitcoin es una estafa es algo que no existe.
98,GuerillaXrp,573,,"74K_JD, CryptoBug, Hyperspace Wanderer, Seeker of Truths, ⍼",0,0,False,2022-11-29 23:56:43+00:00,@WhaleChart #Bitcoin solves thi... Oh... Nevermind...
99,PaulWartenberg,1832,Florida,"Librarian, writer, scholar, more. Always sober and never sane. COVID is NOT over, people, keep wearing the damn masks! #VoteBlue 
#IStandWithUkraine",0,0,False,2022-11-29 23:56:39+00:00,@maggiehendricks we'll have to convert the tulips into bitcoin.
